Team,Att,Cmp,Cmp %,Yds/Att,Yds,TD,INT,Rate,1st,1st%,20+,40+,Lng,Sck,Year
Redskins,411,191,46.5,6,2127,11,29,45.1,0,0,0,0,0,36,1971
49ers,341,152,44.6,6.8,2011,17,14,67,0,0,0,0,0,38,1971
Chargers,347,193,55.6,7,2262,15,22,65.7,0,0,0,0,0,19,1971
Steelers,408,235,57.6,7.5,2766,16,17,77,0,0,0,0,0,33,1971
Cardinals,375,212,56.5,6.8,2380,12,17,69.3,0,0,0,0,0,20,1971
Eagles,407,220,54.1,7.3,2660,16,22,68.1,0,0,0,0,0,32,1971
Jets,342,163,47.7,6.7,2055,17,13,70.4,0,0,0,0,0,27,1971
Giants,333,173,52,7.4,2307,25,15,82.4,0,0,0,0,0,18,1971
Saints,333,175,52.6,7.4,2238,20,20,71.8,0,0,0,0,0,24,1971
Patriots,350,170,48.6,6.9,2154,16,15,68.5,0,0,0,0,0,25,1971
Vikings,405,206,50.9,5,1806,10,27,45.7,0,0,0,0,0,27,1971
Dolphins,363,206,56.7,6.3,2000,10,17,65.4,0,0,0,0,0,34,1971
Raiders,359,184,51.3,7.3,2386,15,23,62.3,0,0,0,0,0,32,1971
Rams,387,200,51.7,7,2379,15,27,58,0,0,0,0,0,37,1971
Chiefs,418,209,50,6.5,2468,11,27,52.6,0,0,0,0,0,28,1971
Colts,361,185,51.2,5.6,1739,9,28,44.2,0,0,0,0,0,33,1971
Oilers,354,180,50.8,6.8,2072,11,23,56.2,0,0,0,0,0,37,1971
Packers,353,186,52.7,7,2301,21,16,76.1,0,0,0,0,0,19,1971
Lions,306,163,53.3,7.1,2017,17,22,64.5,0,0,0,0,0,18,1971
Broncos,356,150,42.1,6.8,1985,18,20,59,0,0,0,0,0,44,1971
Cowboys,421,209,49.6,6.3,2324,15,26,55.9,0,0,0,0,0,43,1971
Browns,339,156,46,6.4,1967,12,24,49.4,0,0,0,0,0,25,1971
Bengals,335,157,46.9,7.1,2128,19,27,56.1,0,0,0,0,0,30,1971
Bears,362,192,53,7.2,2404,12,22,62,0,0,0,0,0,28,1971
Bills,303,157,51.8,7.7,2108,20,11,84.2,0,0,0,0,0,30,1971
Falcons,343,164,47.8,5.5,1638,9,20,49.4,0,0,0,0,0,31,1971
Redskins,367,186,50.7,5.8,1862,10,17,58.3,0,0,0,0,0,35,1972
49ers,366,169,46.2,7.1,2179,14,19,61.1,0,0,0,0,0,46,1972
Chargers,358,201,56.1,6.8,2208,18,24,66.1,0,0,0,0,0,26,1972
Steelers,411,206,50.1,5.8,2056,9,28,47,0,0,0,0,0,40,1972
Cardinals,365,221,60.5,7.5,2550,15,11,84.9,0,0,0,0,0,22,1972
Eagles,318,175,55,8.2,2472,20,19,78.3,0,0,0,0,0,17,1972
Jets,363,186,51.2,8,2637,18,19,72.7,0,0,0,0,0,27,1972
Giants,333,182,54.7,7.7,2339,19,23,70,0,0,0,0,0,37,1972
Saints,367,213,58,7.1,2402,21,14,83.1,0,0,0,0,0,24,1972
Patriots,326,175,53.7,8.1,2533,24,10,92.2,0,0,0,0,0,15,1972
Vikings,331,169,51.1,5.4,1699,13,26,47.5,0,0,0,0,0,21,1972
Dolphins,348,178,51.1,5.8,1749,10,26,47.4,0,0,0,0,0,33,1972
Raiders,348,166,47.7,6.8,2152,14,25,53.6,0,0,0,0,0,27,1972
Rams,363,181,49.9,6.8,2145,20,16,72,0,0,0,0,0,42,1972
Chiefs,368,186,50.5,6.7,2222,17,24,60.5,0,0,0,0,0,32,1972
Colts,313,178,56.9,8.2,2323,15,23,68.8,0,0,0,0,0,25,1972
Oilers,324,174,53.7,7.1,2143,12,6,81.2,0,0,0,0,0,24,1972
Packers,340,174,51.2,6.5,1957,7,17,57.8,0,0,0,0,0,29,1972
Lions,312,171,54.8,6.9,2004,18,12,79.6,0,0,0,0,0,21,1972
Broncos,397,206,51.9,6.4,2183,19,10,77.4,0,0,0,0,0,41,1972
Cowboys,382,187,49,6.6,2240,18,16,68.5,0,0,0,0,0,32,1972
Browns,310,160,51.6,6.4,1736,14,13,69.5,0,0,0,0,0,38,1972
Bengals,350,167,47.7,5.8,1737,11,20,52.7,0,0,0,0,0,38,1972
Bears,342,180,52.6,6.9,2172,16,21,64.5,0,0,0,0,0,23,1972
Bills,308,131,42.5,7,1951,19,23,56,0,0,0,0,0,22,1972
Falcons,301,137,45.5,6.3,1704,13,18,55.9,0,0,0,0,0,24,1972
Redskins,406,203,50,6.2,2176,12,26,52.9,0,0,0,0,0,53,1973
49ers,383,194,50.7,6.8,2366,19,17,70.5,0,0,0,0,0,32,1973
Chargers,341,177,51.9,7.3,2254,18,16,73.6,0,0,0,0,0,26,1973
Steelers,359,164,45.7,5.4,1672,11,37,33.1,0,0,0,0,0,33,1973
Cardinals,417,252,60.4,7.7,3029,23,10,93.1,0,0,0,0,0,29,1973
Eagles,370,219,59.2,7.5,2639,22,15,85.7,0,0,0,0,0,21,1973
Jets,296,150,50.7,7.3,1950,18,19,68.1,0,0,0,0,0,26,1973
Giants,275,161,58.5,8.2,1985,17,20,75.3,0,0,0,0,0,35,1973
Saints,337,176,52.2,6.9,2178,15,16,69.5,0,0,0,0,0,24,1973
Patriots,240,134,55.8,6.7,1338,11,13,69.1,0,0,0,0,0,32,1973
Vikings,377,198,52.5,5.6,1894,8,21,53.2,0,0,0,0,0,30,1973
Dolphins,322,151,46.9,5,1290,5,21,39.9,0,0,0,0,0,45,1973
Raiders,370,170,45.9,5.4,1690,12,17,54.5,0,0,0,0,0,40,1973
Rams,328,179,54.6,6.2,1681,10,20,58,0,0,0,0,0,45,1973
Chiefs,324,157,48.5,6,1619,11,21,51.7,0,0,0,0,0,38,1973
Colts,331,199,60.1,7.9,2399,16,15,82.1,0,0,0,0,0,25,1973
Oilers,326,178,54.6,7.6,2237,26,17,84,0,0,0,0,0,27,1973
Packers,327,180,55,6.3,1822,14,15,69.2,0,0,0,0,0,25,1973
Lions,332,173,52.1,6.2,1788,15,22,58.8,0,0,0,0,0,33,1973
Broncos,387,202,52.2,7.1,2440,15,14,73.2,0,0,0,0,0,36,1973
Cowboys,352,187,53.1,6.5,1995,15,18,66.5,0,0,0,0,0,40,1973
Browns,312,144,46.2,6.4,1736,16,12,68.1,0,0,0,0,0,29,1973
Bengals,338,182,53.8,6.6,1898,9,18,61.3,0,0,0,0,0,43,1973
Bears,303,156,51.5,6.5,1674,17,14,71.6,0,0,0,0,0,32,1973
Bills,368,166,45.1,6.5,2118,12,14,61.8,0,0,0,0,0,32,1973
Falcons,324,151,46.6,5,1430,11,22,44.8,0,0,0,0,0,29,1973
Redskins,399,197,49.4,5.3,1846,13,25,49.9,0,0,0,0,0,31,1974
49ers,339,178,52.5,6.4,1931,14,20,61.8,0,0,0,0,0,28,1974
Chargers,367,222,60.5,7.7,2670,13,15,79.2,0,0,0,0,0,18,1974
Steelers,339,147,43.4,5.5,1466,14,25,44.3,0,0,0,0,0,52,1974
Cardinals,413,230,55.7,6.2,2363,11,16,67.3,0,0,0,0,0,35,1974
Eagles,434,230,53,6.2,2473,9,18,61.6,0,0,0,0,0,28,1974
Jets,347,186,53.6,6.5,2057,14,17,66.8,0,0,0,0,0,25,1974
Giants,415,245,59,6.5,2541,22,15,80.9,0,0,0,0,0,25,1974
Saints,369,193,52.3,6.3,2039,17,16,69.3,0,0,0,0,0,37,1974
Patriots,374,210,56.1,7.4,2480,17,24,68.2,0,0,0,0,0,38,1974
Vikings,396,214,54,6.5,2302,8,22,57.7,0,0,0,0,0,31,1974
Dolphins,372,200,53.8,6.6,2182,14,16,69,0,0,0,0,0,31,1974
Raiders,367,175,47.7,6.6,2111,12,27,49.6,0,0,0,0,0,36,1974
Rams,381,194,50.9,6.5,2102,16,22,61.4,0,0,0,0,0,44,1974
Chiefs,408,206,50.5,7,2663,22,28,62.5,0,0,0,0,0,26,1974
Colts,312,180,57.7,7.5,2165,16,10,85.3,0,0,0,0,0,21,1974
Oilers,405,231,57,6.7,2375,19,21,71.7,0,0,0,0,0,40,1974
Packers,383,188,49.1,5.9,2000,10,23,51.2,0,0,0,0,0,28,1974
Lions,405,219,54.1,6,2236,13,17,65.3,0,0,0,0,0,24,1974
Broncos,426,237,55.6,6.6,2583,14,22,65.3,0,0,0,0,0,32,1974
Cowboys,349,178,51,7,2119,17,13,74.6,0,0,0,0,0,37,1974
Browns,308,139,45.1,7.3,2025,22,24,61.6,0,0,0,0,0,28,1974
Bengals,359,186,51.8,5.9,1790,13,9,71.4,0,0,0,0,0,36,1974
Bears,329,174,52.9,6.8,2079,12,18,64,0,0,0,0,0,25,1974
Bills,311,146,46.9,6.1,1611,11,20,51.6,0,0,0,0,0,32,1974
Falcons,302,136,45,6.1,1572,13,17,56,0,0,0,0,0,31,1974
Redskins,389,217,55.8,7,2436,17,18,72.9,0,0,0,0,68,36,1975
49ers,411,228,55.5,6.1,2197,15,11,74.9,0,0,0,0,65T,40,1975
Chargers,390,237,60.8,7,2510,16,20,74.1,0,0,0,0,60T,26,1975
Steelers,396,183,46.2,5.5,1836,9,27,42.8,0,0,0,0,59T,43,1975
Cardinals,446,233,52.2,6.4,2670,16,22,63.8,0,0,0,0,48T,24,1975
Eagles,424,226,53.3,6.3,2538,13,26,57.3,0,0,0,0,66T,17,1975
Jets,316,180,57,9.1,2719,26,15,94.9,0,0,0,0,90T,19,1975
Giants,365,196,53.7,7,2367,20,16,75.8,0,0,0,0,96T,26,1975
Saints,354,206,58.2,7.3,2387,25,16,85.7,0,0,0,0,60T,28,1975
Patriots,368,213,57.9,6.8,2244,18,13,80.4,0,0,0,0,77T,33,1975
Vikings,360,175,48.6,5.5,1621,14,28,46.2,0,0,0,0,64T,46,1975
Dolphins,375,200,53.3,6.2,2021,9,21,57.1,0,0,0,0,62T,40,1975
Raiders,398,171,43,5.8,1844,14,35,37.2,0,0,0,0,68T,55,1975
Rams,387,187,48.3,5.5,1789,11,22,51,0,0,0,0,68T,43,1975
Chiefs,325,186,57.2,8.3,2512,18,20,77.3,0,0,0,0,90T,28,1975
Colts,393,193,49.1,7.2,2352,17,29,56.9,0,0,0,0,91,59,1975
Oilers,409,235,57.5,6.8,2457,14,24,65.4,0,0,0,0,64,45,1975
Packers,369,192,52,6.7,2172,13,14,69.3,0,0,0,0,58T,32,1975
Lions,360,181,50.3,6.6,2071,16,20,63.2,0,0,0,0,56T,38,1975
Broncos,348,181,52,6.5,2032,14,16,66.6,0,0,0,0,69T,27,1975
Cowboys,373,162,43.4,6.2,2040,19,25,53.3,0,0,0,0,80T,41,1975
Browns,361,202,56,8,2591,25,10,93.6,0,0,0,0,75T,34,1975
Bengals,389,175,45,5.1,1729,11,22,46.9,0,0,0,0,48,27,1975
Bears,399,208,52.1,7.1,2506,22,13,79.8,0,0,0,0,79T,35,1975
Bills,431,237,55,7.8,3080,25,25,75.5,0,0,0,0,89T,30,1975
Falcons,437,227,51.9,6.4,2535,16,25,60.5,0,0,0,0,71T,35,1975
Redskins,354,146,41.2,6.3,1917,11,26,42.6,0,0,0,0,85T,44,1976
Buccaneers,321,178,55.5,7.5,2241,19,9,87.6,0,0,0,0,71T,24,1976
Seahawks,367,223,60.8,7.5,2524,27,15,91.7,0,0,0,0,66T,27,1976
49ers,374,180,48.1,6.3,1776,13,9,69.9,0,0,0,0,77T,61,1976
Chargers,386,219,56.7,7.3,2628,21,20,76.4,0,0,0,0,74T,23,1976
Steelers,373,158,42.4,5.8,1866,9,22,45.2,0,0,0,0,69T,41,1976
Cardinals,342,176,51.5,6.9,2110,13,19,63.2,0,0,0,0,72T,31,1976
Eagles,404,237,58.7,6.7,2550,17,9,83.4,0,0,0,0,69T,19,1976
Jets,374,204,54.5,6.6,2324,25,11,85.1,0,0,0,0,85T,16,1976
Giants,330,189,57.3,6.8,1988,11,12,73.9,0,0,0,0,53T,31,1976
Saints,367,200,54.5,6.9,2202,18,12,78.8,0,0,0,0,55T,39,1976
Patriots,437,229,52.4,6,2175,16,23,60.9,0,0,0,0,55,47,1976
Vikings,323,158,48.9,5.9,1575,8,19,51.1,0,0,0,0,80T,45,1976
Dolphins,347,195,56.2,8.3,2670,20,11,89.3,0,0,0,0,64,20,1976
Raiders,389,197,50.6,7.3,2476,13,16,68.8,0,0,0,0,57T,46,1976
Rams,397,199,50.1,6.3,2092,11,32,45.6,0,0,0,0,57,45,1976
Chiefs,375,215,57.3,7.2,2496,25,23,76.4,0,0,0,0,57,22,1976
Colts,372,192,51.6,7.5,2343,16,15,74,0,0,0,0,67T,56,1976
Oilers,345,173,50.1,6.5,1915,17,11,74.3,0,0,0,0,81T,50,1976
Packers,354,196,55.4,6.2,1835,13,11,73.3,0,0,0,0,88T,43,1976
Lions,313,137,43.8,6.1,1686,11,24,43.7,0,0,0,0,69T,28,1976
Broncos,391,214,54.7,5.8,2025,8,24,53.1,0,0,0,0,58,32,1976
Cowboys,391,187,47.8,5.7,1909,12,16,58.9,0,0,0,0,54T,44,1976
Browns,392,225,57.4,6,2032,18,21,67.9,0,0,0,0,69T,32,1976
Bengals,364,177,48.6,6,1758,13,26,50,0,0,0,0,68T,46,1976
Bears,401,200,49.9,6.5,2217,15,24,58.3,0,0,0,0,75T,49,1976
Bills,337,163,48.4,7.3,2265,18,19,67.3,0,0,0,0,53T,28,1976
Falcons,340,184,54.1,6.7,2001,14,18,66.7,0,0,0,0,80T,35,1976
Redskins,380,167,43.9,6.4,2071,12,21,52.9,0,0,0,0,82,45,1977
Buccaneers,338,191,56.5,6.4,1903,10,23,57.2,0,0,0,0,51T,30,1977
Seahawks,349,199,57,7.1,2333,19,25,67.3,0,0,0,0,67T,18,1977
49ers,270,139,51.5,7.2,1588,14,8,80,0,0,0,0,73T,42,1977
Chargers,330,172,52.1,6.3,1725,14,21,59.5,0,0,0,0,74T,44,1977
Steelers,357,157,44,6.3,1969,16,31,43.8,0,0,0,0,65T,32,1977
Cardinals,375,198,52.8,6.6,2267,22,19,72,0,0,0,0,64,25,1977
Eagles,358,183,51.1,6.1,1876,14,21,58.8,0,0,0,0,80T,47,1977
Jets,377,215,57,6.9,2403,23,11,86.4,0,0,0,0,53T,26,1977
Giants,328,185,56.4,7.3,2097,12,12,76.5,0,0,0,0,58T,37,1977
Saints,290,154,53.1,7.3,1893,15,10,79.8,0,0,0,0,58,27,1977
Patriots,356,188,52.8,7,2033,16,19,68.1,0,0,0,0,78T,58,1977
Vikings,312,149,47.8,5.9,1581,15,16,61,0,0,0,0,95T,30,1977
Dolphins,414,226,54.6,5.8,2233,10,15,64.6,0,0,0,0,47,20,1977
Raiders,367,177,48.2,6.8,2222,17,26,56.6,0,0,0,0,87T,35,1977
Rams,370,180,48.6,6,1877,11,25,49.6,0,0,0,0,73T,36,1977
Chiefs,333,175,52.6,6.7,2022,15,21,62.7,0,0,0,0,48T,25,1977
Colts,382,181,47.4,6.7,2190,10,30,45.4,0,0,0,0,68,47,1977
Oilers,379,192,50.7,6.4,2142,12,26,53,0,0,0,0,49T,32,1977
Packers,319,186,58.3,6.4,1719,10,13,70.8,0,0,0,0,59T,37,1977
Lions,302,161,53.3,7,1867,14,19,65,0,0,0,0,75T,32,1977
Broncos,426,235,55.2,6,2244,11,25,57.2,0,0,0,0,51,35,1977
Cowboys,370,154,41.6,5.4,1562,14,21,48.2,0,0,0,0,60T,53,1977
Browns,340,184,54.1,6.8,2017,15,23,61.9,0,0,0,0,67T,31,1977
Bengals,351,196,55.8,7,2227,14,16,72,0,0,0,0,82T,25,1977
Bears,377,182,48.3,6.2,2127,7,18,54.4,0,0,0,0,85T,27,1977
Bills,316,155,49.1,7,2048,17,21,62.4,0,0,0,0,67,17,1977
Falcons,320,141,44.1,5.5,1384,9,26,37.4,0,0,0,0,78,42,1977
Redskins,409,197,48.2,6.6,2378,11,22,56.3,0,0,0,0,78T,35,1978
Buccaneers,419,241,57.5,6.1,2279,13,29,56.7,0,0,0,0,68T,33,1978
Seahawks,460,263,57.2,7,3005,21,22,74.2,0,0,0,0,55T,25,1978
49ers,413,219,53,7.1,2659,20,18,74,0,0,0,0,71,35,1978
Chargers,441,237,53.7,6.4,2351,23,22,70.2,0,0,0,0,64T,54,1978
Steelers,442,221,50,6.2,2394,10,27,51.8,0,0,0,0,49,44,1978
Cardinals,428,212,49.5,6.2,2351,19,26,58.6,0,0,0,0,56,37,1978
Eagles,443,228,51.5,6.7,2773,17,28,59.5,0,0,0,0,58T,29,1978
Jets,447,260,58.2,6.8,2823,21,23,73.2,0,0,0,0,52,22,1978
Giants,443,210,47.4,6,2386,10,21,54.2,0,0,0,0,74,29,1978
Saints,418,215,51.4,6.5,2464,21,21,67.7,0,0,0,0,80T,33,1978
Patriots,425,235,55.3,7.2,2763,21,22,73.1,0,0,0,0,67T,35,1978
Vikings,442,240,54.3,6.6,2690,15,22,65.4,0,0,0,0,56T,33,1978
Dolphins,437,256,58.6,7.4,2908,15,32,62.8,0,0,0,0,92T,41,1978
Raiders,448,234,52.2,6.5,2711,17,28,59.3,0,0,0,0,58T,29,1978
Rams,399,188,47.1,6.1,2048,15,28,50.2,0,0,0,0,66,47,1978
Chiefs,365,219,60,7.7,2582,17,21,75.8,0,0,0,0,57T,29,1978
Colts,357,191,53.5,8.8,2901,29,17,90.4,0,0,0,0,91T,30,1978
Oilers,428,240,56.1,7.3,2842,17,17,75.9,0,0,0,0,58T,37,1978
Packers,463,254,54.9,6.3,2524,16,27,61.2,0,0,0,0,53,48,1978
Lions,350,191,54.6,7.9,2299,19,22,72.6,0,0,0,0,61,55,1978
Broncos,438,246,56.2,6.2,2470,9,31,52,0,0,0,0,75T,30,1978
Cowboys,432,202,46.8,6.3,2288,11,23,53.7,0,0,0,0,51,58,1978
Browns,489,265,54.2,7,3203,20,27,67.1,0,0,0,0,72T,31,1978
Bengals,396,193,48.7,6.4,2236,14,20,60,0,0,0,0,53,33,1978
Bears,436,239,54.8,6.6,2506,16,17,71.1,0,0,0,0,58T,40,1978
Bills,317,167,52.7,6.8,1960,20,14,77,0,0,0,0,52,22,1978
Falcons,444,215,48.4,6.3,2364,11,12,65.6,0,0,0,0,71T,47,1978
Redskins,470,234,49.8,7.1,2992,18,26,62.9,0,0,0,0,65T,47,1979
Buccaneers,436,250,57.3,5.5,2076,14,14,70.2,0,0,0,0,67T,40,1979
Seahawks,508,317,62.4,7.4,3459,21,17,84.6,0,0,0,0,51,37,1979
49ers,441,262,59.4,7.7,3180,25,15,88.5,0,0,0,0,85,29,1979
Chargers,472,261,55.3,6.1,2549,11,28,56.6,0,0,0,0,84T,42,1979
Steelers,480,226,47.1,6.1,2561,19,27,56.4,0,0,0,0,64T,49,1979
Cardinals,478,258,54,6.4,2873,22,18,73.4,0,0,0,0,46,28,1979
Eagles,459,243,52.9,6.1,2474,18,22,64.7,0,0,0,0,78T,45,1979
Jets,570,339,59.5,7.5,4115,31,21,85.8,0,0,0,0,75T,22,1979
Giants,463,253,54.6,6.8,2926,22,21,72.9,0,0,0,0,53T,32,1979
Saints,488,265,54.3,7.1,3066,24,26,71,0,0,0,0,66T,46,1979
Patriots,467,246,52.7,6.6,2553,13,20,64.8,0,0,0,0,82,57,1979
Vikings,424,229,54,7,2697,14,22,65.6,0,0,0,0,56T,30,1979
Dolphins,418,230,55,7.3,2737,17,23,69,0,0,0,0,78T,36,1979
Raiders,471,247,52.4,7.1,3112,21,24,69.2,0,0,0,0,65T,33,1979
Rams,454,220,48.5,6.6,2556,24,25,64.7,0,0,0,0,68T,52,1979
Chiefs,528,296,56.1,6.4,3124,22,23,71.4,0,0,0,0,56,38,1979
Colts,411,203,49.4,7.5,2768,23,23,69.8,0,0,0,0,74,39,1979
Oilers,465,242,52,6.9,2765,18,34,56.4,0,0,0,0,56T,51,1979
Packers,440,249,56.6,6.9,2762,21,18,76.9,0,0,0,0,50T,35,1979
Lions,402,220,54.7,6.9,2442,15,14,74.5,0,0,0,0,66T,45,1979
Broncos,512,296,57.8,6.5,3159,11,19,69,0,0,0,0,65,19,1979
Cowboys,435,207,47.6,6.5,2471,21,13,72.5,0,0,0,0,64T,43,1979
Browns,468,271,57.9,7,3046,14,16,75.3,0,0,0,0,62,31,1979
Bengals,492,275,55.9,7.9,3692,27,20,83.1,0,0,0,0,59,32,1979
Bears,458,222,48.5,6.3,2528,21,29,57.8,0,0,0,0,55T,47,1979
Bills,382,193,50.5,7.1,2530,14,24,59.8,0,0,0,0,73T,23,1979
Falcons,487,268,55,7.8,3596,17,15,79.2,0,0,0,0,64,29,1979
Redskins,392,187,47.7,6.4,2171,17,33,47.8,0,0,0,0,54T,43,1980
Buccaneers,516,328,63.6,6.7,3304,17,15,82,0,0,0,0,50,24,1980
Seahawks,462,267,57.8,7.1,3110,28,23,79.3,0,0,0,0,68T,26,1980
49ers,495,327,66.1,8,3751,29,17,95.7,0,0,0,0,81T,31,1980
Chargers,519,300,57.8,6.4,2849,18,20,72.4,0,0,0,0,61,60,1980
Steelers,532,280,52.6,6.6,3372,25,26,68.8,0,0,0,0,69T,18,1980
Cardinals,531,287,54,6.8,3325,23,20,74.2,0,0,0,0,58T,38,1980
Eagles,543,265,48.8,5.9,2825,16,25,57.8,0,0,0,0,86T,44,1980
Jets,544,337,61.9,7.2,3664,27,23,82.5,0,0,0,0,68T,28,1980
Giants,448,255,56.9,7.7,3245,22,18,81.4,0,0,0,0,66T,28,1980
Saints,445,255,57.3,7.5,3112,31,12,93.1,0,0,0,0,71T,27,1980
Patriots,458,266,58.1,7.1,2886,28,24,78.4,0,0,0,0,79T,44,1980
Vikings,499,283,56.7,7.3,3400,24,24,75.8,0,0,0,0,89T,30,1980
Dolphins,505,290,57.4,6.8,3206,21,28,69.1,0,0,0,0,61,27,1980
Raiders,524,296,56.5,7.1,3312,17,35,61.8,0,0,0,0,67T,54,1980
Rams,510,245,48,6.1,2601,23,25,62,0,0,0,0,60,56,1980
Chiefs,523,278,53.2,6.5,3109,25,28,67,0,0,0,0,63,37,1980
Colts,476,260,54.6,7.5,3336,21,17,78.7,0,0,0,0,77,30,1980
Oilers,454,246,54.2,6.7,2801,16,26,63.1,0,0,0,0,50T,34,1980
Packers,460,259,56.3,7.9,3383,19,13,83.8,0,0,0,0,87T,34,1980
Lions,462,256,55.4,7,2934,14,23,66.8,0,0,0,0,67T,44,1980
Broncos,448,270,60.3,7.7,3125,20,16,84.4,0,0,0,0,56T,39,1980
Cowboys,484,231,47.7,7.4,3210,21,27,63.8,0,0,0,0,69T,43,1980
Browns,536,336,62.7,7.6,3865,23,22,83.3,0,0,0,0,72,32,1980
Bengals,491,284,57.8,7,3124,22,20,77.3,0,0,0,0,68T,35,1980
Bears,451,238,52.8,7.3,2892,20,17,75.4,0,0,0,0,76T,46,1980
Bills,433,240,55.4,5.9,2282,15,24,61.4,0,0,0,0,56,33,1980
Falcons,564,333,59,7.1,3594,24,26,75.7,0,0,0,0,93T,46,1980
Redskins,452,214,47.3,7.3,3045,21,24,65.4,0,0,0,0,58T,32,1981
Buccaneers,541,317,58.6,6.1,3140,10,32,57.8,0,0,0,0,59,23,1981
Seahawks,502,294,58.6,6.8,3134,25,21,78.2,0,0,0,0,90T,36,1981
49ers,514,273,53.1,6.1,2845,16,27,60.2,0,0,0,0,67,36,1981
Chargers,571,313,54.8,8.2,4311,22,23,78.1,0,0,0,0,93T,47,1981
Steelers,544,302,55.5,7.6,3783,22,30,70.3,0,0,0,0,73T,40,1981
Cardinals,495,282,57,7.2,3295,29,21,81.3,0,0,0,0,79T,32,1981
Eagles,507,248,48.9,6,2696,12,26,54.4,0,0,0,0,50T,40,1981
Jets,505,275,54.5,7,3004,15,21,69.1,0,0,0,0,70T,66,1981
Giants,544,294,54,6.1,2934,14,17,68.1,0,0,0,0,57,44,1981
Saints,471,287,60.9,7.6,3337,26,17,87.9,0,0,0,0,60T,27,1981
Patriots,439,243,55.4,7,2877,18,16,75.7,0,0,0,0,55,20,1981
Vikings,481,265,55.1,7.5,3328,26,16,83.3,0,0,0,0,72T,33,1981
Dolphins,509,297,58.3,7.2,3331,23,18,80.9,0,0,0,0,76T,38,1981
Raiders,537,289,53.8,7.5,3641,24,13,82.9,0,0,0,0,77T,52,1981
Rams,439,204,46.5,7,2727,17,17,66.6,0,0,0,0,64,43,1981
Chiefs,567,291,51.3,6.7,3626,16,26,63.2,0,0,0,0,86,27,1981
Colts,491,301,61.3,8.6,4128,37,16,100.6,0,0,0,0,75,13,1981
Oilers,502,295,58.8,7.1,3315,22,18,80.2,0,0,0,0,67T,33,1981
Packers,505,284,56.2,6.6,3087,18,30,63.7,0,0,0,0,50T,36,1981
Lions,475,261,54.9,7.6,3223,22,24,73.8,0,0,0,0,95T,47,1981
Broncos,497,267,53.7,6.4,2873,13,23,62.8,0,0,0,0,65T,36,1981
Cowboys,511,236,46.2,7.3,3370,17,37,51.8,0,0,0,0,85T,42,1981
Browns,469,275,58.6,7.5,3289,28,15,88.7,0,0,0,0,60T,29,1981
Bengals,548,316,57.7,6.9,3408,24,19,78.9,0,0,0,0,65T,42,1981
Bears,525,233,44.4,6.7,3248,23,18,67.4,0,0,0,0,94T,31,1981
Bills,474,267,56.3,6.8,2870,21,19,75.6,0,0,0,0,73T,47,1981
Falcons,565,322,57,7,3688,30,25,77.8,0,0,0,0,80,29,1981
Redskins,275,146,53.1,6.8,1614,8,11,67.7,0,0,0,0,62T,32,1982
Buccaneers,254,145,57.1,6.3,1384,10,11,71.1,0,0,0,0,49,25,1982
Seahawks,246,138,56.1,6,1333,4,13,57.1,0,0,0,0,56T,17,1982
49ers,278,158,56.8,7,1836,14,9,82,0,0,0,0,46,15,1982
Chargers,342,233,68.1,7.1,2292,10,13,82.5,0,0,0,0,49,19,1982
Steelers,329,176,53.5,7.2,2112,12,17,67.5,0,0,0,0,75T,34,1982
Cardinals,291,174,59.8,7,1853,16,6,90.8,0,0,0,0,55,23,1982
Eagles,285,168,58.9,7.5,1907,14,15,76.9,0,0,0,0,78T,30,1982
Jets,298,159,53.4,6.1,1646,10,17,59.4,0,0,0,0,48T,20,1982
Giants,244,148,60.7,7.4,1566,10,12,76.7,0,0,0,0,57,31,1982
Saints,245,149,60.8,7.6,1633,11,9,84.1,0,0,0,0,58T,31,1982
Patriots,267,142,53.2,6.3,1519,9,12,65.3,0,0,0,0,46T,20,1982
Vikings,292,157,53.8,7.2,1875,11,12,72.4,0,0,0,0,70T,30,1982
Dolphins,226,119,52.7,5.7,1027,7,19,44.9,0,0,0,0,53T,29,1982
Raiders,375,193,51.5,7,2288,11,18,63.8,0,0,0,0,50,38,1982
Rams,281,175,62.3,8.1,2131,16,11,90.6,0,0,0,0,52,18,1982
Chiefs,262,155,59.2,6.8,1667,12,12,76,0,0,0,0,74T,15,1982
Colts,246,138,56.1,7.8,1823,18,5,97.3,0,0,0,0,55,11,1982
Oilers,284,179,63,8.6,2213,18,3,107.3,0,0,0,0,62T,31,1982
Packers,327,177,54.1,6,1775,9,12,65.9,0,0,0,0,44,20,1982
Lions,288,155,53.8,7.3,1868,11,18,64,0,0,0,0,85T,32,1982
Broncos,307,172,56,7.7,2234,14,12,79.6,0,0,0,0,86T,16,1982
Cowboys,289,152,52.6,6.9,1742,10,15,64.7,0,0,0,0,54T,32,1982
Browns,266,144,54.1,7.4,1822,9,17,62.7,0,0,0,0,60,22,1982
Bengals,306,187,61.1,7.4,2043,12,14,77.7,0,0,0,0,66T,22,1982
Bears,294,164,55.8,7.4,1949,14,13,77,0,0,0,0,65,30,1982
Bills,256,114,44.5,5.4,1300,8,13,50.9,0,0,0,0,45,12,1982
Falcons,280,157,56.1,6.9,1804,12,10,77.2,0,0,0,0,80T,18,1982
Redskins,570,301,52.8,7.7,3975,28,34,69.6,0,0,0,0,99T,51,1983
Buccaneers,490,300,61.2,7.4,3315,15,23,74.6,0,0,0,0,80T,42,1983
Seahawks,521,311,59.7,8,3831,33,26,85.6,0,0,0,0,78T,43,1983
49ers,526,322,61.2,7,3253,23,24,78,0,0,0,0,76T,57,1983
Chargers,544,330,60.7,7.4,3782,28,16,88.6,0,0,0,0,71T,31,1983
Steelers,447,238,53.2,7.3,2899,19,28,64.9,0,0,0,0,76T,50,1983
Cardinals,519,290,55.9,7,3167,24,28,70.8,0,0,0,0,69T,59,1983
Eagles,430,247,57.4,7.1,2792,20,8,87.2,0,0,0,0,75T,36,1983
Jets,463,269,58.1,7.1,2923,22,22,76.2,0,0,0,0,66T,48,1983
Giants,493,283,57.4,7.3,3261,26,23,78.4,0,0,0,0,61T,44,1983
Saints,496,271,54.6,6.3,2691,20,23,68,0,0,0,0,60,56,1983
Patriots,514,277,53.9,6.9,3295,19,17,74.4,0,0,0,0,68T,39,1983
Vikings,478,263,55,6.8,2903,23,25,70.3,0,0,0,0,74T,47,1983
Dolphins,480,277,57.7,7,3002,19,26,70,0,0,0,0,80T,49,1983
Raiders,531,282,53.1,6.9,3162,20,20,71.8,0,0,0,0,67,57,1983
Rams,556,319,57.4,7,3611,18,24,71.7,0,0,0,0,48,33,1983
Chiefs,500,261,52.2,6.7,3111,21,30,62.6,0,0,0,0,58,35,1983
Colts,488,281,57.6,7.9,3522,31,20,86.9,0,0,0,0,85T,41,1983
Oilers,424,252,59.4,7.3,2845,26,14,88.7,0,0,0,0,74T,31,1983
Packers,518,300,57.9,7.8,3762,20,19,80.4,0,0,0,0,87T,41,1983
Lions,515,297,57.7,6.6,3112,21,22,73.5,0,0,0,0,84,43,1983
Broncos,552,307,55.6,7.2,3671,18,27,69,0,0,0,0,72T,38,1983
Cowboys,558,299,53.6,7.8,3928,27,27,75.3,0,0,0,0,83T,57,1983
Browns,469,280,59.7,7.1,3077,22,22,77.4,0,0,0,0,80T,32,1983
Bengals,502,288,57.4,6.3,2828,17,23,68.3,0,0,0,0,53,41,1983
Bears,490,249,50.8,7.2,3132,15,21,66.7,0,0,0,0,74,51,1983
Bills,480,286,59.6,7.4,3306,22,13,86.6,0,0,0,0,72T,32,1983
Falcons,493,313,63.5,7.6,3517,28,15,92.8,0,0,0,0,61T,31,1983
Redskins,575,318,55.3,7.5,3772,25,21,78.6,0,0,0,0,83T,66,1984
Buccaneers,490,286,58.4,7.1,3241,20,18,78.6,0,0,0,0,77T,32,1984
Seahawks,521,265,50.9,6.9,3174,18,38,54.2,0,0,0,0,92,55,1984
49ers,546,298,54.6,6.9,3381,14,25,65.6,0,0,0,0,61,51,1984
Chargers,531,323,60.8,8.1,4085,27,19,88.6,0,0,0,0,75T,33,1984
Steelers,515,299,58.1,7.2,3299,19,31,67.5,0,0,0,0,68,47,1984
Cardinals,494,251,50.8,7.2,3171,26,21,74.4,0,0,0,0,90T,55,1984
Eagles,492,262,53.3,7.1,3050,22,20,74.1,0,0,0,0,68,60,1984
Jets,511,312,61.1,7.6,3502,24,15,87.9,0,0,0,0,80T,44,1984
Giants,529,288,54.4,7.1,3375,20,19,74.5,0,0,0,0,83T,48,1984
Saints,422,239,56.6,6.8,2453,23,13,83,0,0,0,0,50T,55,1984
Patriots,513,283,55.2,7.1,3214,25,17,80.3,0,0,0,0,68T,55,1984
Vikings,490,319,65.1,8.1,3779,35,11,104.4,0,0,0,0,68T,25,1984
Dolphins,551,310,56.3,6.5,3265,22,24,71.4,0,0,0,0,76T,42,1984
Raiders,508,254,50,6.4,2752,19,20,66.6,0,0,0,0,70T,64,1984
Rams,566,346,61.1,7,3666,18,17,80.3,0,0,0,0,64T,43,1984
Chiefs,586,332,56.7,6.8,3645,19,30,67.3,0,0,0,0,80T,50,1984
Colts,515,298,57.9,7.6,3570,31,18,87.3,0,0,0,0,80T,42,1984
Oilers,447,271,60.6,7.7,3179,23,13,89.8,0,0,0,0,80T,32,1984
Packers,551,315,57.2,6.3,3146,16,27,65.2,0,0,0,0,50,44,1984
Lions,466,288,61.8,8.1,3511,27,14,94.2,0,0,0,0,73T,37,1984
Broncos,631,346,54.8,7.1,4023,16,31,65.2,0,0,0,0,80T,57,1984
Cowboys,527,250,47.4,6.1,2810,23,28,59.3,0,0,0,0,80T,57,1984
Browns,458,261,57,6.7,2696,15,20,70,0,0,0,0,61T,43,1984
Bengals,517,302,58.4,7.1,3391,15,25,70,0,0,0,0,76,40,1984
Bears,435,198,45.5,7.1,2486,14,21,60,0,0,0,0,88T,72,1984
Bills,495,300,60.6,7.4,3476,32,16,91.5,0,0,0,0,65T,26,1984
Falcons,443,262,59.1,7.7,3126,27,12,92.5,0,0,0,0,64T,38,1984
Redskins,465,239,51.4,6.7,2746,19,23,65.9,0,0,0,0,69,52,1985
Buccaneers,505,318,63,7.8,3678,18,18,84.2,0,0,0,0,78T,35,1985
Seahawks,496,273,55,7.6,3323,22,24,74.4,0,0,0,0,71,61,1985
49ers,621,346,55.7,6.4,3508,11,18,68.9,0,0,0,0,82T,60,1985
Chargers,595,357,60,7.7,4293,28,26,81.8,0,0,0,0,84T,40,1985
Steelers,484,287,59.3,6.4,2783,18,20,73.3,0,0,0,0,75T,36,1985
Cardinals,461,253,54.9,7.1,3003,34,13,90.1,0,0,0,0,53T,32,1985
Eagles,478,251,52.5,6.9,2930,18,18,71.4,0,0,0,0,46,53,1985
Jets,507,267,52.7,7.2,3256,17,22,68.9,0,0,0,0,72T,49,1985
Giants,535,278,52,6.3,2838,20,24,65.5,0,0,0,0,58T,68,1985
Saints,529,306,57.8,7.5,3653,26,21,81.4,0,0,0,0,65T,46,1985
Patriots,525,262,49.9,6.5,3059,14,23,61.2,0,0,0,0,88T,51,1985
Vikings,490,280,57.1,7.1,3241,20,22,74.1,0,0,0,0,70T,33,1985
Dolphins,487,257,52.8,7.8,3511,21,23,73.2,0,0,0,0,80T,38,1985
Raiders,511,251,49.1,6.8,2998,22,17,71.9,0,0,0,0,62T,65,1985
Rams,548,296,54,6.4,3062,19,29,63.1,0,0,0,0,73,56,1985
Chiefs,576,332,57.6,6.5,3489,22,27,70.5,0,0,0,0,56T,37,1985
Colts,504,275,54.6,7.4,3454,24,16,81,0,0,0,0,59,36,1985
Oilers,462,260,56.3,7.9,3341,29,15,89.3,0,0,0,0,68T,41,1985
Packers,509,295,58,6.9,3126,22,15,81.2,0,0,0,0,61T,48,1985
Lions,478,283,59.2,6.8,2906,16,18,75.1,0,0,0,0,50,45,1985
Broncos,547,277,50.6,6.6,3206,22,24,66.7,0,0,0,0,73,47,1985
Cowboys,549,279,50.8,7.7,3755,20,33,63.5,0,0,0,0,70T,62,1985
Browns,509,289,56.8,6.8,3107,18,18,74.8,0,0,0,0,54T,44,1985
Bengals,518,297,57.3,7.7,3664,26,19,83.5,0,0,0,0,72T,40,1985
Bears,522,249,47.7,6.3,2816,16,34,51.2,0,0,0,0,90T,64,1985
Bills,477,265,55.6,6.9,3078,24,20,76.5,0,0,0,0,96T,25,1985
Falcons,535,289,54,7.7,3798,32,22,82.1,0,0,0,0,99T,42,1985
Redskins,532,302,56.8,7.4,3492,21,19,78.3,0,0,0,0,76T,55,1986
Buccaneers,484,289,59.7,7.9,3685,23,13,89.5,0,0,0,0,73,19,1986
Seahawks,535,301,56.3,7.3,3582,20,22,74.6,0,0,0,0,83T,47,1986
49ers,604,324,53.6,6.2,3325,18,39,55.8,0,0,0,0,84T,51,1986
Chargers,509,288,56.6,8.1,3688,27,15,88.4,0,0,0,0,72T,62,1986
Steelers,536,311,58,6.8,3380,22,20,77.1,0,0,0,0,55T,43,1986
Cardinals,436,215,49.3,6.9,2637,21,10,78.3,0,0,0,0,51,41,1986
Eagles,532,260,48.9,6.8,3235,21,23,66.5,0,0,0,0,84T,53,1986
Jets,603,348,57.7,7.6,4389,35,20,87.3,0,0,0,0,69T,28,1986
Giants,587,334,56.9,6.6,3473,15,24,68.6,0,0,0,0,75T,59,1986
Saints,576,331,57.5,6.7,3543,21,26,71.4,0,0,0,0,62T,47,1986
Patriots,473,255,53.9,7,2978,15,21,68.4,0,0,0,0,67T,48,1986
Vikings,494,276,55.9,7,3216,16,24,68.5,0,0,0,0,59,38,1986
Dolphins,485,290,59.8,7.9,3557,22,13,88.7,0,0,0,0,65T,33,1986
Raiders,501,271,54.1,7.1,3076,21,26,68.9,0,0,0,0,68T,63,1986
Rams,539,313,58.1,6.5,3190,17,28,66.3,0,0,0,0,69T,39,1986
Chiefs,569,303,53.3,6.2,3195,21,31,62.1,0,0,0,0,51,44,1986
Colts,510,306,60,7.7,3739,28,16,89.4,0,0,0,0,72T,24,1986
Oilers,490,228,46.5,6.5,2999,25,16,71.5,0,0,0,0,85T,32,1986
Packers,448,267,59.6,7,2920,31,20,85.4,0,0,0,0,84,28,1986
Lions,468,279,59.6,6.6,2800,14,22,69.7,0,0,0,0,81T,41,1986
Broncos,545,301,55.2,6.9,3296,21,18,75.9,0,0,0,0,57T,49,1986
Cowboys,464,226,48.7,6.8,2785,21,17,70.8,0,0,0,0,71T,53,1986
Browns,518,291,56.2,6.8,3288,21,18,76.5,0,0,0,0,75T,35,1986
Bengals,495,278,56.2,7.1,3152,17,17,75.7,0,0,0,0,84T,42,1986
Bears,513,243,47.4,6.2,2667,12,31,49.9,0,0,0,0,65T,62,1986
Bills,570,343,60.2,7.1,3802,21,10,86.9,0,0,0,0,71T,36,1986
Falcons,453,241,53.2,7,2992,19,22,69.3,0,0,0,0,85,26,1986
Redskins,527,276,52.4,7.1,3343,19,23,69.3,0,0,0,0,59T,53,1987
Buccaneers,457,271,59.3,7.1,2949,23,16,83.4,0,0,0,0,67,39,1987
Seahawks,445,255,57.3,7.2,2958,20,17,78.8,0,0,0,0,81T,37,1987
49ers,467,224,48,5.9,2484,13,25,53.8,0,0,0,0,63T,37,1987
Chargers,441,227,51.5,7,2782,19,13,76.2,0,0,0,0,63T,45,1987
Steelers,481,290,60.3,7.3,3310,22,27,74.6,0,0,0,0,52T,26,1987
Cardinals,490,276,56.3,7.5,3383,30,14,88.7,0,0,0,0,88T,41,1987
Eagles,561,305,54.4,7.2,3606,29,21,79.2,0,0,0,0,77T,57,1987
Jets,488,260,53.3,7,3206,27,18,78.7,0,0,0,0,57,29,1987
Giants,508,292,57.5,6.4,2890,17,20,71.6,0,0,0,0,64T,55,1987
Saints,489,246,50.3,6.5,2800,25,30,62.4,0,0,0,0,50T,47,1987
Patriots,520,273,52.5,6.6,3099,17,21,67.5,0,0,0,0,61T,43,1987
Vikings,498,278,55.8,6.8,3100,24,26,71.4,0,0,0,0,64T,41,1987
Dolphins,494,295,59.7,6.9,3247,21,16,81.5,0,0,0,0,55,21,1987
Raiders,425,224,52.7,7.3,2727,18,13,77.7,0,0,0,0,67T,44,1987
Rams,504,281,55.8,7.3,3389,31,16,86.4,0,0,0,0,82T,38,1987
Chiefs,484,279,57.6,7.2,3306,25,11,87.8,0,0,0,0,44,26,1987
Colts,501,250,49.9,6.1,2760,19,20,65.2,0,0,0,0,61T,39,1987
Oilers,495,266,53.7,6.9,3145,25,23,73.1,0,0,0,0,72T,35,1987
Packers,469,279,59.5,6.8,3003,14,18,74,0,0,0,0,63T,34,1987
Lions,459,259,56.4,7.8,3203,23,19,80.9,0,0,0,0,81T,42,1987
Broncos,456,261,57.2,6.7,2796,15,28,62.9,0,0,0,0,51T,31,1987
Cowboys,502,269,53.6,7.5,3444,21,23,73,0,0,0,0,62T,51,1987
Browns,467,246,52.7,6.6,2831,15,23,63.7,0,0,0,0,83T,34,1987
Bengals,456,267,58.6,7.4,3056,24,14,86.3,0,0,0,0,53,40,1987
Bears,507,255,50.3,6.5,2802,24,13,76.1,0,0,0,0,75T,70,1987
Bills,447,249,55.7,7,2854,25,17,80.4,0,0,0,0,55T,34,1987
Falcons,453,243,53.6,7.3,3173,26,15,82.4,0,0,0,0,57,17,1987
Redskins,497,261,52.5,7.5,3439,24,14,81.6,0,0,0,0,80T,43,1988
Buccaneers,527,304,57.7,7.1,3604,19,21,75.2,0,0,0,0,56,20,1988
Seahawks,501,280,55.9,7.2,3353,21,22,74.4,0,0,0,0,69T,30,1988
49ers,530,292,55.1,6.2,2987,25,22,72.2,0,0,0,0,67T,42,1988
Chargers,517,274,53,6.8,3285,22,16,75.9,0,0,0,0,96T,34,1988
Steelers,532,309,58.1,7.7,3941,25,20,82.5,0,0,0,0,86T,19,1988
Cardinals,508,264,52,7,3244,30,16,81,0,0,0,0,61T,39,1988
Eagles,578,309,53.5,7.7,4147,23,32,68.9,0,0,0,0,93T,42,1988
Jets,476,244,51.3,8,3509,28,24,76.9,0,0,0,0,80T,45,1988
Giants,566,294,51.9,6.6,3327,23,15,75.5,0,0,0,0,80T,52,1988
Saints,505,277,54.9,7.1,3327,19,17,75.8,0,0,0,0,85T,31,1988
Patriots,436,234,53.7,6.4,2582,13,20,64.4,0,0,0,0,51T,29,1988
Vikings,480,219,45.6,5.8,2489,12,36,41.2,0,0,0,0,76T,37,1988
Dolphins,491,298,60.7,7,3275,19,16,81.2,0,0,0,0,47,24,1988
Raiders,483,265,54.9,7.2,3171,23,17,79,0,0,0,0,86,40,1988
Rams,571,307,53.8,6.5,3300,17,22,67.7,0,0,0,0,59,56,1988
Chiefs,410,214,52.2,6.3,2434,12,18,63.4,0,0,0,0,42T,23,1988
Colts,539,321,59.6,7.1,3602,21,15,82.5,0,0,0,0,58,30,1988
Oilers,512,281,54.9,7.1,3266,22,22,73.7,0,0,0,0,80T,42,1988
Packers,474,256,54,6.2,2733,12,20,63.9,0,0,0,0,46T,30,1988
Lions,513,337,65.7,7.2,3279,17,15,85.5,0,0,0,0,51T,47,1988
Broncos,467,262,56.1,6.8,2933,18,16,75.7,0,0,0,0,55,36,1988
Cowboys,523,264,50.5,7.4,3556,30,10,86.2,0,0,0,0,73T,46,1988
Browns,474,245,51.7,6.5,2847,13,20,64,0,0,0,0,54,37,1988
Bengals,524,283,54,6.7,3134,19,22,69.6,0,0,0,0,65T,42,1988
Bears,545,245,45,6.2,3034,18,26,56.7,0,0,0,0,80T,43,1988
Bills,448,250,55.8,6.8,2724,14,15,73.4,0,0,0,0,63T,46,1988
Falcons,504,281,55.8,7.1,3373,17,24,69.6,0,0,0,0,68T,30,1988
Redskins,530,277,52.3,7.3,3571,25,27,70.6,0,0,0,0,72T,40,1989
Buccaneers,515,301,58.4,7.1,3437,29,21,82.2,0,0,0,0,79T,33,1989
Seahawks,445,252,56.6,7.5,3097,23,9,89.3,0,0,0,0,69,32,1989
49ers,564,316,56,6.3,3235,15,21,68.5,0,0,0,0,65T,43,1989
Chargers,513,283,55.2,6.5,2951,15,25,64.4,0,0,0,0,59T,48,1989
Steelers,548,290,52.9,6.8,3541,17,21,68.8,0,0,0,0,66T,31,1989
Cardinals,531,286,53.9,7.1,3575,24,16,79.2,0,0,0,0,75T,30,1989
Eagles,529,258,48.8,7,3289,26,30,64.7,0,0,0,0,80T,62,1989
Jets,514,282,54.9,7.9,3858,31,15,88.5,0,0,0,0,78T,28,1989
Giants,486,273,56.2,7.1,3125,16,22,70.4,0,0,0,0,71T,39,1989
Saints,577,320,55.5,7.3,3860,23,21,76.9,0,0,0,0,75T,47,1989
Patriots,449,259,57.7,8.7,3666,27,16,91.6,0,0,0,0,74T,31,1989
Vikings,488,252,51.6,6.2,2501,18,18,67.7,0,0,0,0,65T,71,1989
Dolphins,513,315,61.4,7.4,3543,21,15,85.7,0,0,0,0,63T,39,1989
Raiders,506,277,54.7,6.5,3063,18,18,72,0,0,0,0,51,35,1989
Rams,577,345,59.8,7.5,4024,24,21,81.7,0,0,0,0,95T,42,1989
Chiefs,471,236,50.1,6,2527,16,15,66.8,0,0,0,0,64T,36,1989
Colts,556,322,57.9,7,3534,15,21,73,0,0,0,0,58T,46,1989
Oilers,467,269,57.6,8.2,3542,28,21,85.4,0,0,0,0,80T,36,1989
Packers,476,302,63.4,7.5,3339,22,25,79.6,0,0,0,0,61,34,1989
Lions,570,370,64.9,7.4,3916,19,16,86.2,0,0,0,0,69T,40,1989
Broncos,504,268,53.2,6.4,2827,13,21,64.1,0,0,0,0,75T,47,1989
Cowboys,488,301,61.7,7.7,3565,21,7,93.9,0,0,0,0,79T,29,1989
Browns,540,269,49.8,6.5,3161,20,27,62.3,0,0,0,0,68,45,1989
Bengals,482,256,53.1,7,3135,22,21,72.6,0,0,0,0,84T,33,1989
Bears,554,307,55.4,7.4,3832,21,26,72,0,0,0,0,97T,39,1989
Bills,508,255,50.2,6.9,3206,14,23,62.9,0,0,0,0,78T,38,1989
Falcons,437,259,59.3,8.6,3554,19,20,82.5,0,0,0,0,78,31,1989
Redskins,514,281,54.7,6.8,3143,21,21,72.5,0,0,0,0,80T,45,1990
Buccaneers,471,263,55.8,7.3,3256,22,25,72.7,0,0,0,0,75T,34,1990
Seahawks,504,300,59.5,6.5,3004,19,12,81.3,0,0,0,0,46,33,1990
49ers,522,265,50.8,6.3,3015,17,17,67.8,0,0,0,0,75T,44,1990
Chargers,462,254,55,7,2910,22,19,76,0,0,0,0,90T,45,1990
Steelers,460,236,51.3,5.9,2500,9,24,54.3,0,0,0,0,66T,34,1990
Cardinals,402,233,58,7.8,2898,29,16,90.3,0,0,0,0,67T,36,1990
Eagles,566,273,48.2,6.7,3491,23,19,69.6,0,0,0,0,78T,45,1990
Jets,516,311,60.3,7.3,3437,23,18,82.9,0,0,0,0,69T,38,1990
Giants,496,278,56,5.9,2747,12,23,62.2,0,0,0,0,68T,30,1990
Saints,534,316,59.2,6.7,3319,21,8,86.2,0,0,0,0,51T,42,1990
Patriots,374,218,58.3,8.7,3021,21,14,89.9,0,0,0,0,86T,33,1990
Vikings,422,218,51.7,6.9,2643,20,22,68,0,0,0,0,61,47,1990
Dolphins,462,257,55.6,6.6,2716,14,19,69,0,0,0,0,64T,45,1990
Raiders,437,246,56.3,6.9,2697,20,13,80.8,0,0,0,0,80T,48,1990
Rams,501,296,59.1,7.9,3762,30,12,94.1,0,0,0,0,71T,30,1990
Chiefs,512,267,52.1,7.2,3241,16,20,69.5,0,0,0,0,87T,60,1990
Colts,492,301,61.2,7.3,3402,20,9,89.5,0,0,0,0,66,29,1990
Oilers,460,267,58,7.2,3060,18,21,74.7,0,0,0,0,78T,38,1990
Packers,479,256,53.4,7.4,3383,20,16,77.5,0,0,0,0,74,27,1990
Lions,507,319,62.9,7.1,3346,21,17,84.1,0,0,0,0,68T,41,1990
Broncos,479,284,59.3,7.7,3382,22,10,90,0,0,0,0,90,34,1990
Cowboys,470,271,57.7,6.2,2639,12,11,74.9,0,0,0,0,58T,36,1990
Browns,444,253,57,7.4,3085,32,13,92.3,0,0,0,0,59,32,1990
Bengals,543,300,55.2,6.9,3520,24,15,79.9,0,0,0,0,75,25,1990
Bears,495,258,52.1,6.5,2920,19,31,59.3,0,0,0,0,76T,41,1990
Bills,455,254,55.8,6.9,2799,17,18,73.2,0,0,0,0,95T,43,1990
Falcons,537,297,55.3,7.7,3913,31,17,86.2,0,0,0,0,89T,33,1990
Redskins,548,292,53.3,6,2947,13,27,58.9,151,27.6,38,4,75T,50,1991
Buccaneers,438,257,58.7,7.1,2872,15,11,81.7,147,33.6,40,5,51,39,1991
Seahawks,517,296,57.3,6.4,3019,18,18,73.4,159,30.8,34,10,61T,36,1991
49ers,499,267,53.5,6.5,3042,16,12,74.5,155,31.1,40,9,51,31,1991
Chargers,503,300,59.6,7.2,3445,22,19,80.7,181,36,45,3,89T,28,1991
Steelers,535,334,62.4,7.2,3586,21,19,82.3,194,36.3,43,9,66T,38,1991
Cardinals,447,268,60,6.9,2916,12,17,73.8,156,34.9,41,3,43,25,1991
Eagles,467,206,44.1,6,2413,16,26,52.1,133,28.5,38,7,75,55,1991
Jets,540,331,61.3,7,3539,21,18,81.3,185,34.3,33,5,73T,35,1991
Giants,440,251,57,7.1,2874,17,12,80.8,138,31.4,36,10,75T,34,1991
Saints,491,259,52.7,6.2,2720,12,29,55.5,139,28.3,31,7,80T,50,1991
Patriots,565,335,59.3,7.1,3852,25,12,87.1,199,35.2,49,6,65T,25,1991
Vikings,499,286,57.3,6.8,3179,16,17,74.7,172,34.5,41,3,75T,33,1991
Dolphins,485,300,61.9,6.9,3105,18,12,84.5,177,36.5,43,5,54T,35,1991
Raiders,513,295,57.5,6.9,3276,18,18,76,176,34.3,43,5,57T,42,1991
Rams,434,259,59.7,8.4,3545,25,11,95.6,162,37.3,57,11,78,17,1991
Chiefs,471,279,59.2,7.5,3228,17,15,81.5,168,35.7,39,9,71T,39,1991
Colts,388,240,61.9,7.7,2800,22,15,88.7,152,39.2,41,4,84T,29,1991
Oilers,532,310,58.3,6.6,3217,17,20,73.2,163,30.6,40,8,80T,45,1991
Packers,531,305,57.4,6.7,3266,20,15,78.8,177,33.3,41,5,87T,45,1991
Lions,534,315,59,6.6,3286,16,19,73.9,189,35.4,38,2,51,30,1991
Broncos,476,246,51.7,6.5,2755,12,23,60.6,147,30.9,36,8,63,52,1991
Cowboys,540,320,59.3,6.8,3495,17,12,80.8,180,33.3,35,7,67T,23,1991
Browns,522,312,59.8,6.6,3209,20,15,80.2,179,34.3,36,7,70T,35,1991
Bengals,505,303,60,8.2,3990,26,17,89.2,191,37.8,54,16,74T,21,1991
Bears,513,286,55.8,6.2,2927,19,17,72.9,164,32,33,4,77T,40,1991
Bills,536,299,55.8,6.8,3414,12,23,66.6,166,31,48,8,78T,31,1991
Falcons,481,252,52.4,7.3,3295,28,19,79.3,157,32.6,55,11,97T,29,1991
Redskins,466,258,55.4,6.5,2742,15,23,65.4,138,29.6,38,9,89T,39,1992
Buccaneers,508,293,57.7,7.4,3510,25,20,80.8,175,34.4,54,8,83T,36,1992
Seahawks,428,251,58.6,7,2661,11,20,69,129,30.1,38,8,72T,46,1992
49ers,551,320,58.1,6.6,3369,20,17,77.3,174,31.6,39,9,55T,41,1992
Chargers,491,271,55.2,6.5,2832,17,25,65.5,157,32,37,5,83T,51,1992
Steelers,478,252,52.7,6.4,2817,15,22,64,146,30.5,31,7,81,36,1992
Cardinals,452,276,61.1,8.2,3491,24,16,89.9,163,36.1,53,9,87T,27,1992
Eagles,517,263,50.9,6.4,2930,20,24,64.8,146,28.2,41,13,74T,55,1992
Jets,465,257,55.3,6.9,2961,19,21,71.6,146,31.4,38,9,80T,36,1992
Giants,440,270,61.4,7.3,3031,22,14,87.2,155,35.2,42,10,77T,25,1992
Saints,511,287,56.2,5.6,2470,13,18,65.9,146,28.6,27,1,44,57,1992
Patriots,459,258,56.2,7,3097,22,14,81.3,149,32.5,40,9,56,20,1992
Vikings,508,320,63,6.1,2782,12,28,65.1,154,30.3,27,2,52,51,1992
Dolphins,512,294,57.4,6.4,2983,16,18,72.3,168,32.8,37,4,60,36,1992
Raiders,450,243,54,7,2833,11,12,73.3,135,30,42,12,69T,46,1992
Rams,507,305,60.2,6.9,3293,18,18,77.9,175,34.5,42,7,81T,31,1992
Chiefs,458,253,55.2,6.4,2537,19,24,66.7,145,31.7,34,7,62,50,1992
Colts,470,260,55.3,6.9,2900,14,20,69.1,164,34.9,32,9,69T,39,1992
Oilers,445,248,55.7,6.5,2577,20,20,71.9,139,31.2,36,6,77T,50,1992
Packers,483,277,57.3,7.2,3277,16,15,78.1,170,35.2,45,9,75T,34,1992
Lions,487,296,60.8,7,3217,20,21,77.6,168,34.5,39,6,69T,29,1992
Broncos,462,268,58,7.4,3120,21,15,83,156,33.8,46,9,72,50,1992
Cowboys,484,263,54.3,6.3,2687,16,17,69.9,147,30.4,33,7,81T,44,1992
Browns,486,291,59.9,7.1,3152,23,13,86.3,170,35,38,8,68T,48,1992
Bengals,489,288,58.9,7.4,3326,24,16,84.7,168,34.4,44,6,47,45,1992
Bears,442,261,59,7.4,3004,20,14,84.2,144,32.6,46,14,72T,43,1992
Bills,520,305,58.7,6.8,3209,19,23,73.2,185,35.6,39,5,57,44,1992
Falcons,439,277,63.1,8,3255,24,11,95.6,172,39.2,49,9,80T,31,1992
Redskins,483,291,60.2,7.4,3387,24,17,85.1,157,32.5,46,10,80T,31,1993
Buccaneers,503,300,59.6,6.7,3252,22,9,86.9,152,30.2,36,9,53T,29,1993
Seahawks,595,333,56,6.5,3653,16,22,69.6,193,32.4,40,8,58T,38,1993
49ers,564,314,55.7,6.2,3197,23,19,74,171,30.3,38,6,65T,44,1993
Chargers,556,329,59.2,7.1,3752,17,22,74.8,192,34.5,52,7,71T,32,1993
Steelers,521,277,53.2,6.6,3163,16,24,64.9,163,31.3,48,11,66T,42,1993
Cardinals,495,281,56.8,7.1,3306,14,9,80.8,158,31.9,37,12,86,34,1993
Eagles,463,251,54.2,6.8,2939,22,20,73.5,155,33.5,37,8,69,36,1993
Jets,497,296,59.6,6.9,3239,15,19,74.6,161,32.4,44,9,68T,32,1993
Giants,514,298,58,6.5,3116,13,18,71.4,161,31.3,35,7,58,41,1993
Saints,444,259,58.3,6.6,2606,22,10,85.3,145,32.7,31,6,98T,51,1993
Patriots,474,280,59.1,6.5,2845,20,13,81.1,161,34,37,6,56,34,1993
Vikings,478,310,64.9,6.6,2870,11,24,70.3,139,29.1,34,3,93T,45,1993
Dolphins,572,350,61.2,6.4,3485,26,13,85.6,205,35.8,38,6,54,29,1993
Raiders,457,258,56.5,6.9,2858,17,14,77.4,154,33.7,39,6,66T,45,1993
Rams,488,299,61.3,7.7,3560,17,11,87.5,179,36.7,48,12,80T,35,1993
Chiefs,525,312,59.4,6.4,3151,18,21,73.2,161,30.7,39,6,77T,35,1993
Colts,454,270,59.5,7.1,3117,22,10,88.3,166,36.6,41,10,77,21,1993
Oilers,582,302,51.9,6.7,3601,16,26,63.9,184,31.6,54,9,53T,52,1993
Packers,529,290,54.8,6.1,2900,16,18,68.9,157,29.7,31,9,67T,46,1993
Lions,514,309,60.1,6.4,3020,19,19,75.6,154,30,37,5,80T,43,1993
Broncos,562,314,55.9,7.1,3731,21,18,77.2,181,32.2,51,7,74T,46,1993
Cowboys,555,334,60.2,6,3116,14,14,75.3,176,31.7,26,5,70T,34,1993
Browns,541,306,56.6,6.4,3124,19,13,77.6,170,31.4,40,3,56,48,1993
Bengals,457,251,54.9,6.5,2798,20,12,78.4,159,34.8,31,6,71T,22,1993
Bears,504,306,60.7,6.2,2818,12,18,71.4,163,32.3,29,4,67,46,1993
Bills,582,323,55.5,6.7,3633,18,23,70,199,34.2,54,1,54T,37,1993
Falcons,505,308,61,7.5,3637,27,13,91.2,180,35.6,55,12,72,27,1993
Redskins,496,300,60.5,7.7,3634,22,17,84.9,182,36.7,54,8,85T,28,1994
Buccaneers,498,303,60.8,7,3372,25,9,91.2,179,35.9,42,7,81T,20,1994
Seahawks,537,313,58.3,6.7,3397,15,19,73.2,178,33.1,33,6,99T,29,1994
49ers,583,329,56.4,6.4,3501,15,23,68.1,182,31.2,36,6,90,38,1994
Chargers,577,363,62.9,6.8,3658,20,17,82,191,33.1,37,8,84T,43,1994
Steelers,532,280,52.6,6.1,2874,12,17,65.6,156,29.3,45,9,76T,55,1994
Cardinals,465,234,50.3,7.1,3038,19,23,66.7,144,31,52,17,85T,35,1994
Eagles,490,251,51.2,6.9,3094,20,21,69.1,151,30.8,49,8,85T,42,1994
Jets,522,333,63.8,7.1,3529,19,17,83.6,189,36.2,34,5,60T,29,1994
Giants,500,289,57.8,6.8,3222,16,16,75.8,166,33.2,44,6,93,26,1994
Saints,559,353,63.1,7.2,3811,28,17,88.6,208,37.2,42,7,59,36,1994
Patriots,545,298,54.7,6.9,3447,21,22,72.2,173,31.7,53,9,65T,39,1994
Vikings,597,368,61.6,6.5,3652,25,18,82.1,195,32.7,38,5,62T,36,1994
Dolphins,577,334,57.9,6.9,3794,23,23,75.6,195,33.8,48,7,83T,29,1994
Raiders,564,306,54.3,6.5,3400,24,12,79.8,176,31.2,45,6,69T,38,1994
Rams,541,320,59.1,6.6,3389,23,14,82.1,198,36.6,31,5,71T,26,1994
Chiefs,504,300,59.5,6.9,3266,23,12,85.9,164,32.5,42,8,72T,39,1994
Colts,598,354,59.2,6.5,3679,24,18,79.4,192,32.1,45,9,65T,29,1994
Oilers,400,221,55.3,7.4,2795,18,14,79.4,132,33,45,12,55,31,1994
Packers,605,337,55.7,6.1,3401,20,21,70.4,182,30.1,42,5,68,37,1994
Lions,547,370,67.6,6.8,3546,21,12,90.6,169,30.9,38,7,76T,28,1994
Broncos,568,322,56.7,7.6,4155,28,12,88.5,182,32,59,17,75T,23,1994
Cowboys,522,269,51.5,5.8,2752,19,22,64,157,30.1,30,7,67T,47,1994
Browns,587,325,55.4,5.8,3157,13,18,67.1,173,29.5,40,4,44,38,1994
Bengals,505,294,58.2,6.8,3248,22,10,85.4,168,33.3,32,9,81,31,1994
Bears,522,295,56.5,6.2,3087,16,12,75.9,163,31.2,32,3,65T,28,1994
Bills,535,314,58.7,7.1,3660,26,16,84.4,199,37.2,56,4,57,25,1994
Falcons,580,364,62.8,7.5,4136,26,22,84.9,201,34.7,55,11,78T,32,1994
Redskins,546,338,61.9,6.2,3268,20,16,79.6,182,33.3,29,6,59T,30,1995
Buccaneers,557,346,62.1,7.4,3958,19,14,85.4,202,36.3,44,8,91T,25,1995
Seahawks,554,310,56,6.7,3539,26,16,80.2,181,32.7,45,6,88T,28,1995
49ers,611,330,54,5.9,3337,19,26,64.1,192,31.4,37,6,53,40,1995
Chargers,543,321,59.1,6.6,3383,16,17,75.8,178,32.8,46,3,50,36,1995
Steelers,531,314,59.1,6.6,3240,24,22,76.7,181,34.1,39,5,76T,42,1995
Cardinals,461,264,57.3,7.9,3455,33,19,89.5,180,39,50,11,73T,31,1995
Eagles,499,268,53.7,6.3,2816,14,19,66.4,154,30.9,39,6,64T,48,1995
Jets,497,263,52.9,6.1,2740,21,17,71.6,149,30,34,9,66T,43,1995
Giants,508,299,58.9,6.6,3184,17,16,76.7,187,36.8,43,6,47,29,1995
Saints,543,329,60.6,7.4,3723,23,17,84.3,195,35.9,49,9,77T,44,1995
Patriots,549,342,62.3,7.5,3886,29,15,91.4,181,33,52,11,70T,37,1995
Vikings,620,369,59.5,7.1,4122,29,25,80.1,212,34.2,64,10,73T,44,1995
Dolphins,556,327,58.8,6.8,3569,30,14,86.7,192,34.5,42,6,50T,29,1995
Raiders,527,301,57.1,6.9,3310,14,11,78.6,177,33.6,52,4,52,43,1995
Rams,534,320,59.9,6.9,3441,27,22,80.6,178,33.3,46,6,52,36,1995
Chiefs,596,329,55.2,6,3222,16,16,70.8,178,29.9,41,4,49,47,1995
Jaguars,509,304,59.7,7,3512,28,13,88.9,177,34.8,44,6,68T,17,1995
Colts,569,336,59.1,6.6,3570,23,13,82.6,182,32,38,9,73T,29,1995
Oilers,553,289,52.3,6,3125,24,21,69.3,157,28.4,35,8,76T,30,1995
Packers,616,351,57,6.4,3640,25,13,80.8,188,30.5,49,6,69T,39,1995
Lions,580,354,61,7.1,3804,17,22,76.5,201,34.7,45,5,85T,42,1995
Broncos,529,297,56.1,6.7,3298,20,8,82.9,186,35.2,38,7,57,30,1995
Cowboys,523,293,56,6.7,3272,17,19,72.3,165,31.5,43,9,81T,36,1995
Browns,573,360,62.8,7,3822,23,17,84.6,200,34.9,53,7,52,29,1995
Bengals,602,364,60.5,7.5,4245,25,12,89.2,215,35.7,53,14,71T,42,1995
Bears,595,374,62.9,7.1,4001,27,16,88.1,212,35.6,40,8,99T,35,1995
Panthers,586,310,52.9,6.3,3451,15,21,66.2,175,29.9,53,9,77T,36,1995
Bills,582,310,53.3,6.6,3502,14,17,70,180,30.9,52,8,54T,49,1995
Falcons,650,405,62.3,7.3,4541,28,18,87.3,230,35.4,56,14,89T,30,1995
Redskins,560,325,58,6.5,3448,12,21,69.2,191,34.1,34,5,64T,34,1996
Buccaneers,503,311,61.8,6.2,2925,17,17,76.7,156,31,32,4,63T,35,1996
Seahawks,512,303,59.2,7.1,3339,25,14,85.8,181,35.4,51,7,65T,48,1996
49ers,558,287,51.4,6.2,3164,21,20,68.4,164,29.4,42,9,65T,45,1996
Chargers,636,369,58,6.1,3666,28,22,76,199,31.3,38,5,60,33,1996
Steelers,547,322,58.9,6.1,2947,17,23,69.2,174,31.8,29,6,53,51,1996
Cardinals,520,311,59.8,7.1,3499,21,11,86.1,192,36.9,44,6,55,28,1996
Eagles,500,271,54.2,6.5,2979,18,19,70.4,150,30,50,3,67,40,1996
Jets,456,257,56.4,7.8,3364,33,11,95.5,157,34.4,52,12,83T,28,1996
Giants,533,317,59.5,6.5,3299,15,22,71,174,32.6,40,5,66,30,1996
Saints,465,267,57.4,6.7,2834,22,12,82.9,152,32.7,40,5,70,41,1996
Patriots,596,322,54,6.8,3803,17,23,68.9,178,29.9,47,12,63T,33,1996
Vikings,537,314,58.5,6.3,3121,18,22,71.2,169,31.5,39,1,80T,43,1996
Dolphins,539,337,62.5,7.2,3655,29,20,86.7,191,35.4,38,9,84T,37,1996
Raiders,513,284,55.4,6.4,3021,22,17,75.3,162,31.6,41,7,82T,34,1996
Rams,558,341,61.1,6.9,3675,23,26,76.1,191,34.2,47,9,54T,32,1996
Chiefs,536,289,53.9,7,3538,19,17,74.6,184,34.3,55,9,55,31,1996
Jaguars,508,290,57.1,7,3304,24,13,83.8,180,35.4,46,6,63T,37,1996
Colts,534,318,59.6,7.2,3643,25,13,87,189,35.4,43,11,95T,29,1996
Oilers,524,312,59.5,6.6,3225,24,12,85,169,32.3,38,8,86T,35,1996
Packers,544,283,52,5.4,2740,12,26,55.4,151,27.8,32,3,69,37,1996
Lions,502,311,62,7.1,3344,28,11,92.9,172,34.3,36,10,73,32,1996
Broncos,566,302,53.4,6,3139,22,23,67.7,165,29.2,35,7,51T,40,1996
Cowboys,484,271,56,6.3,2806,10,19,65.3,144,29.8,38,8,52,37,1996
Bengals,571,319,55.9,7.1,3826,22,34,66.1,196,34.3,52,8,57,32,1996
Bears,524,314,59.9,6.6,3267,21,17,79.5,183,34.9,31,5,62T,30,1996
Panthers,556,307,55.2,6.4,3214,17,22,68.7,167,30,39,8,55,60,1996
Bills,562,292,52,6.1,3068,11,14,66.8,168,29.9,42,7,61,48,1996
Ravens,537,350,65.2,7.7,3969,27,15,93.4,213,39.7,49,4,55,30,1996
Falcons,485,302,62.3,8.2,3745,26,6,100.6,182,37.5,44,17,77T,36,1996
Redskins,513,267,52,6,2818,14,16,66.7,149,29,40,4,52,37,1997
Buccaneers,518,325,62.7,6.5,3011,13,13,79.2,155,29.9,26,7,79,44,1997
Seahawks,462,276,59.7,7.3,3118,19,13,84.1,166,35.9,43,6,92,42,1997
49ers,509,258,50.7,5.9,2647,23,25,63.6,145,28.5,39,7,69,54,1997
Chargers,568,297,52.3,6.4,3468,31,15,79.5,181,31.9,52,5,70T,27,1997
Steelers,554,295,53.2,6.6,3387,24,20,73.5,177,31.9,54,10,55,48,1997
Cardinals,491,279,56.8,7,3246,23,15,81.7,167,34,48,10,69,34,1997
Eagles,490,259,52.9,6.5,2923,20,14,75.1,150,30.6,45,7,62,43,1997
Jets,558,304,54.5,6.6,3421,23,18,75.1,177,31.7,46,10,67,29,1997
Giants,596,325,54.5,6.6,3616,10,27,61.9,195,32.7,49,7,72T,54,1997
Saints,518,293,56.6,6.3,2881,21,16,76.3,168,32.4,41,4,52,59,1997
Patriots,619,368,59.5,6.1,3469,14,19,71.8,183,29.6,37,7,51,45,1997
Vikings,542,336,62,7.3,3704,28,12,92.2,195,36,51,6,76,44,1997
Dolphins,530,329,62.1,7.1,3551,23,10,90.1,176,33.2,52,10,70,31,1997
Raiders,552,324,58.7,7.4,3870,21,10,87.1,199,36.1,56,11,61,31,1997
Rams,543,288,53,6.8,3379,26,25,71.3,177,32.6,51,6,72T,38,1997
Chiefs,507,271,53.5,7.1,3259,15,21,69,158,31.2,52,12,78,54,1997
Jaguars,532,320,60.2,7.2,3504,24,14,86.3,190,35.7,41,9,64T,48,1997
Colts,453,261,57.6,6.8,2820,26,12,86.4,164,36.2,40,4,74,37,1997
Oilers,543,321,59.1,7.2,3658,21,14,83.4,193,35.5,39,8,59T,35,1997
Packers,563,288,51.2,5.7,2951,10,21,59,156,27.7,33,7,62,41,1997
Lions,507,281,55.4,6.7,3114,15,17,72.1,152,30,45,8,78T,43,1997
Broncos,526,290,55.1,6,2868,20,18,71.5,145,27.6,35,5,69T,44,1997
Cowboys,473,253,53.5,5.7,2522,20,7,78.5,139,29.4,34,6,61,38,1997
Bengals,542,309,57,6.8,3459,30,13,86.2,188,34.7,37,7,83T,35,1997
Bears,476,273,57.4,6.9,3030,25,13,84.8,156,32.8,45,6,89T,38,1997
Panthers,490,260,53.1,6.6,3007,17,11,76.2,163,33.3,44,10,59,36,1997
Bills,502,287,57.2,6.8,3061,17,15,76.8,160,31.9,49,5,60,46,1997
Ravens,556,332,59.7,7.1,3673,20,17,80.8,180,32.4,52,7,77T,42,1997
Falcons,496,275,55.4,7.6,3440,24,18,81.2,180,36.3,43,16,82,55,1997
Redskins,493,281,57,6.3,2918,21,13,79.1,152,30.8,36,11,63,33,1998
Buccaneers,473,274,57.9,6.4,2762,15,12,76.9,148,31.3,35,7,61,37,1998
Seahawks,597,343,57.5,6.7,3690,18,24,71,197,33,43,5,80T,53,1998
49ers,566,294,51.9,7.1,3733,25,21,74,178,31.4,54,15,80T,51,1998
Chargers,530,271,51.1,6.3,3068,21,20,68.2,149,28.1,40,8,81T,39,1998
Steelers,482,268,55.6,7.4,3321,17,16,77.1,155,32.2,50,14,86T,41,1998
Cardinals,518,299,57.7,6.8,3276,21,20,76,177,34.2,39,7,87T,39,1998
Eagles,449,249,55.5,6.7,2720,18,9,81.2,133,29.6,41,8,59,42,1998
Jets,544,285,52.4,6.1,3040,16,21,64.7,150,27.6,48,5,70T,36,1998
Giants,521,282,54.1,6.7,3167,17,19,70.9,163,31.3,42,9,80T,54,1998
Saints,539,328,60.9,7.9,3968,24,21,84.3,208,38.6,51,11,81T,47,1998
Patriots,570,336,58.9,6.8,3635,26,24,77.1,208,36.5,51,7,84T,36,1998
Vikings,555,320,57.7,6.7,3452,17,19,73.8,171,30.8,31,8,80T,38,1998
Dolphins,504,252,50,6.3,2924,17,29,57.4,148,29.4,35,11,62T,45,1998
Raiders,497,291,58.6,6.3,2876,22,21,74.3,150,30.2,38,2,55,41,1998
Rams,475,256,53.9,6.7,2831,28,16,80.5,161,33.9,42,8,68T,50,1998
Chiefs,479,259,54.1,6.8,2985,17,13,76,146,30.5,39,7,58,40,1998
Jaguars,577,325,56.3,6.5,3559,23,13,80.1,178,30.8,51,8,79T,30,1998
Colts,461,275,59.7,7.6,3266,27,8,95.7,181,39.3,42,12,82T,38,1998
Oilers,511,319,62.4,7.2,3511,24,12,90,170,33.3,39,9,76T,30,1998
Packers,540,296,54.8,6.3,3065,23,13,78.2,166,30.7,36,15,68T,50,1998
Lions,474,284,59.9,6.9,3015,23,12,86.4,167,35.2,32,6,84T,43,1998
Broncos,596,345,57.9,6.7,3648,28,19,80.5,183,30.7,49,8,75T,47,1998
Cowboys,553,290,52.4,6.8,3545,21,14,76.3,162,29.3,54,13,89T,34,1998
Bengals,406,233,57.4,8.3,3151,23,13,89.8,152,37.4,44,14,73T,28,1998
Bears,456,292,64,7.5,3228,27,14,93.5,155,34,38,7,98T,28,1998
Panthers,501,298,59.5,7.9,3709,30,19,88.6,197,39.3,60,10,82T,37,1998
Bills,532,294,55.3,6.5,3198,27,18,78.2,168,31.6,47,7,72T,43,1998
Ravens,539,316,58.6,7.2,3592,20,17,80.1,180,33.4,51,10,78T,39,1998
Falcons,551,311,56.4,6.9,3531,22,19,76.8,172,31.2,52,14,82T,38,1998
Redskins,589,328,55.7,6.7,3732,23,24,72.5,193,32.8,49,7,76T,40,1999
Buccaneers,573,302,52.7,5.5,2873,11,21,60.1,144,25.1,37,7,61T,43,1999
Seahawks,582,320,55,6.4,3492,19,30,64.1,183,31.4,47,8,76T,38,1999
49ers,521,317,60.8,8.2,4068,36,13,99.8,192,36.9,63,15,80T,32,1999
Chargers,549,315,57.4,7,3584,24,15,82.3,181,33,46,10,81T,41,1999
Steelers,463,245,52.9,6.8,2926,20,14,76.5,142,30.7,47,12,88T,39,1999
Cardinals,493,294,59.6,6.9,3157,25,17,82.9,157,31.8,41,8,77T,33,1999
Eagles,568,322,56.7,6.6,3461,22,28,69.1,171,30.1,41,10,80T,37,1999
Jets,574,319,55.6,6.7,3676,16,24,68.3,180,31.4,47,8,80T,26,1999
Giants,511,295,57.7,7,3421,20,17,78.7,170,33.3,47,6,90T,32,1999
Saints,489,291,59.5,7.8,3544,34,19,91.2,170,34.8,57,12,62T,45,1999
Patriots,520,293,56.3,6.3,3013,23,16,77.3,154,29.6,44,11,69T,42,1999
Vikings,606,373,61.6,7,3980,20,12,85.4,213,35.1,52,8,80T,46,1999
Dolphins,484,256,52.9,6.5,2928,19,18,71,145,30,46,11,68T,39,1999
Raiders,539,302,56,6.7,3321,22,20,75,161,29.9,49,4,73T,44,1999
Rams,596,319,53.5,6.5,3509,19,29,64.1,189,31.7,48,8,71T,57,1999
Chiefs,578,317,54.8,6.5,3482,24,25,70.8,173,29.9,55,6,54,40,1999
Jaguars,521,291,55.9,6.3,2890,18,19,71,159,30.5,34,6,65T,57,1999
Colts,561,328,58.5,6.7,3506,21,10,83.9,192,34.2,46,8,62,41,1999
Titans,557,312,56,7.2,3695,26,16,82.3,193,34.6,48,9,78T,54,1999
Packers,538,304,56.5,6.9,3505,20,26,70,177,32.9,50,10,88,30,1999
Lions,574,359,62.5,7.1,3760,21,16,84.5,185,32.2,51,10,75T,50,1999
Broncos,471,273,58,7,3016,17,15,78.3,154,32.7,46,7,67,50,1999
Cowboys,545,297,54.5,6.6,3398,19,24,68.4,154,28.3,53,14,71,35,1999
Browns,523,331,63.3,6.6,3310,17,8,86.8,187,35.8,33,5,54T,25,1999
Bengals,522,312,59.8,7.7,3798,28,12,92.3,189,36.2,54,10,73,35,1999
Bears,583,354,60.7,7,3822,23,14,85,196,33.6,50,12,86T,37,1999
Panthers,557,327,58.7,6.9,3605,26,15,84.1,189,33.9,37,9,67T,35,1999
Bills,506,269,53.2,5.7,2675,12,12,68.2,144,28.5,34,4,50,37,1999
Ravens,599,328,54.8,5.5,2991,20,21,67.1,158,26.4,35,4,61,49,1999
Redskins,462,254,55,6.3,2621,12,17,67.4,134,29,40,9,76T,45,2000
Buccaneers,594,339,57.1,5.9,3152,15,25,65,180,30.3,32,4,72T,55,2000
Seahawks,489,309,63.2,8.4,3937,23,17,90.8,185,37.8,53,16,73,27,2000
49ers,558,320,57.3,7.5,3915,25,13,86.4,194,34.8,55,10,78T,38,2000
Chargers,552,326,59.1,6.9,3537,33,16,87.7,195,35.3,36,9,68T,39,2000
Steelers,521,280,53.7,6.2,3020,13,17,67.6,153,29.4,37,9,79,39,2000
Cardinals,459,296,64.5,7.1,3128,19,10,90.2,175,38.1,42,7,65T,25,2000
Eagles,552,314,56.9,5.9,2990,11,19,66.6,159,28.8,34,4,70T,50,2000
Jets,517,265,51.3,6.1,2932,17,21,64.3,152,29.4,45,11,75,40,2000
Giants,585,327,55.9,6.3,3390,23,20,73.7,181,30.9,46,5,53,44,2000
Saints,488,285,58.4,7.1,3071,17,20,74.7,159,32.6,53,8,69T,66,2000
Patriots,544,321,59,6.8,3522,23,10,86,184,33.8,42,9,81T,29,2000
Vikings,584,369,63.2,7.1,3913,23,8,91.6,208,35.6,42,8,52T,31,2000
Dolphins,530,282,53.2,6,2900,13,28,57.5,156,29.4,46,6,59,48,2000
Raiders,588,359,61.1,6.8,3698,25,21,80.4,202,34.4,37,7,62,43,2000
Rams,534,323,60.5,7.6,3797,32,19,89.5,195,36.5,59,5,62T,51,2000
Chiefs,549,358,65.2,6.8,3471,25,15,88.6,201,36.6,41,3,47,51,2000
Jaguars,458,258,56.3,7.4,3160,23,12,85.8,144,31.4,50,8,77T,40,2000
Colts,530,317,59.8,6.9,3422,22,14,83.6,177,33.4,52,6,50,42,2000
Titans,466,242,51.9,5.9,2423,10,17,62,134,28.8,36,6,48,55,2000
Packers,557,307,55.1,6.6,3451,28,21,76.7,186,33.4,46,10,78T,38,2000
Lions,544,311,57.2,6.2,3210,16,25,66.2,159,29.2,32,5,61T,28,2000
Broncos,574,310,54,7.3,3946,26,27,73.1,189,32.9,58,10,83T,44,2000
Cowboys,458,277,60.5,6.3,2693,20,16,78.7,145,31.7,31,5,68T,25,2000
Browns,486,262,53.9,7,3138,18,12,78.3,169,34.8,49,8,61,42,2000
Bengals,538,318,59.1,6.9,3562,26,9,89.4,182,33.8,44,7,77T,26,2000
Bears,530,332,62.6,6.9,3407,25,11,90,172,32.5,45,3,66,36,2000
Panthers,552,352,63.8,7.1,3712,19,17,83.6,184,33.3,41,9,62,27,2000
Bills,480,283,59,6.6,2867,18,16,77.4,153,31.9,38,7,63,42,2000
Ravens,528,295,55.9,6,2997,11,23,62.5,135,25.6,33,9,67,35,2000
Redskins,473,262,55.4,6.6,2977,19,23,68.8,149,31.5,42,7,64T,25,2001
Buccaneers,493,273,55.4,6.5,2951,20,28,65.3,156,31.6,43,6,67T,42,2001
Seahawks,563,339,60.2,6.6,3485,20,14,81.4,186,33,43,6,65,38,2001
49ers,567,332,58.6,6.4,3383,18,24,70.3,179,31.6,44,7,63,32,2001
Chargers,535,317,59.3,6.8,3400,24,19,79.8,166,31,44,10,80T,41,2001
Steelers,525,295,56.2,6.3,2942,19,16,74.5,160,30.5,40,6,80T,55,2001
Cardinals,556,337,60.6,6.7,3598,26,17,83.4,179,32.2,46,9,79T,19,2001
Eagles,517,288,55.7,6.1,2864,13,14,71,150,29,40,5,76,45,2001
Jets,516,313,60.7,6.1,2999,14,20,71.1,155,30,33,6,70T,33,2001
Giants,521,298,57.2,7.2,3430,25,15,83.7,161,30.9,57,13,76T,46,2001
Saints,452,278,61.5,8.1,3355,30,15,95.5,169,37.4,61,12,86T,53,2001
Patriots,546,299,54.8,6.8,3497,15,22,68.6,171,31.3,50,8,68,41,2001
Vikings,478,291,60.9,7.5,3367,16,8,88.1,166,34.7,52,5,69,30,2001
Dolphins,467,262,56.1,6.6,2829,22,17,76.7,148,31.7,35,9,80T,37,2001
Raiders,528,290,54.9,6.2,3083,16,17,70.5,165,31.3,41,8,67T,41,2001
Rams,541,314,58,6.2,3097,16,21,69.9,153,28.3,41,5,49T,45,2001
Chiefs,491,296,60.3,6.9,3164,19,13,83.1,167,34,48,7,49,31,2001
Jaguars,544,354,65.1,6.9,3459,13,12,83.9,193,35.5,41,7,63,43,2001
Colts,509,311,61.1,7.6,3600,30,15,91.9,195,38.3,48,9,91T,40,2001
Titans,559,328,58.7,7.6,4084,27,13,89.1,192,34.3,63,12,78,32,2001
Packers,583,341,58.5,6,3168,14,20,69.6,176,30.2,41,6,47T,52,2001
Lions,514,312,60.7,7.3,3528,30,16,89.6,189,36.8,50,9,68T,31,2001
Broncos,515,308,59.8,6.9,3282,23,22,77.8,176,34.2,43,8,72T,39,2001
Cowboys,489,287,58.7,6.2,2889,20,9,82.7,160,32.7,34,4,78,24,2001
Browns,552,309,56,6.1,3089,18,33,60.2,161,29.2,36,8,71T,43,2001
Bengals,512,311,60.7,6.8,3157,23,13,85.4,173,33.8,49,5,47,48,2001
Bears,602,355,59,6.6,3665,12,20,71.4,191,31.7,43,5,60T,48,2001
Panthers,510,306,60,7.5,3642,25,24,79.9,187,36.7,49,11,94T,26,2001
Bills,453,284,62.7,7.5,3159,23,11,92.2,154,34,48,9,63T,34,2001
Ravens,555,321,57.8,6,3035,16,16,72.8,161,29,39,6,90T,45,2001
Redskins,531,304,57.3,6.2,3033,19,14,76.5,155,29.2,41,7,58,40,2002
Buccaneers,510,259,50.8,5.5,2490,10,31,48.4,131,25.7,40,6,52,43,2002
Seahawks,555,321,57.8,6.5,3411,21,19,75.6,191,34.4,39,4,64T,28,2002
49ers,552,340,61.6,6.7,3506,23,19,80.9,188,34.1,43,3,58,32,2002
Chargers,607,375,61.8,7.5,4295,26,17,87.2,205,33.8,46,12,99T,39,2002
Steelers,573,336,58.6,6.6,3460,19,19,75.6,178,31.1,43,10,64,50,2002
Cardinals,535,335,62.6,7.5,3874,29,17,90.3,196,36.6,48,12,78T,21,2002
Eagles,563,333,59.1,6.1,3094,18,15,76.4,160,28.4,35,4,57T,56,2002
Jets,551,359,65.2,6.7,3490,17,15,83.2,178,32.3,33,7,72,30,2002
Giants,541,311,57.5,6.2,3119,17,11,77.9,162,29.9,41,5,63,37,2002
Saints,593,343,57.8,6.8,3805,25,20,78.8,191,32.2,51,12,77T,39,2002
Patriots,531,314,59.1,6.4,3179,23,18,78.2,158,29.8,33,6,52T,34,2002
Vikings,542,335,61.8,7.9,4103,33,16,94.6,198,36.5,65,11,84T,27,2002
Dolphins,520,294,56.5,6.6,3102,20,21,72.7,162,31.2,44,10,73T,47,2002
Raiders,570,346,60.7,6.6,3526,21,21,77.3,189,33.2,39,8,54,43,2002
Rams,461,292,63.3,7.5,3209,15,12,86,148,32.1,42,7,83,38,2002
Chiefs,616,403,65.4,7.1,4181,27,18,88.8,227,36.9,50,8,82T,34,2002
Jaguars,519,314,60.5,6.7,3264,19,14,81.5,188,36.2,37,10,60T,36,2002
Colts,468,288,61.5,6.8,2917,19,10,86.1,148,31.6,32,4,82T,36,2002
Texans,512,281,54.9,6.6,3141,23,10,82.1,155,30.3,48,5,57T,35,2002
Titans,562,339,60.3,6.7,3540,27,18,82.8,197,35.1,40,6,75,40,2002
Packers,531,287,54,6.1,2987,24,24,68.7,143,26.9,37,11,64T,43,2002
Lions,591,371,62.8,7.5,4150,27,10,93.6,221,37.4,56,11,60,33,2002
Broncos,566,360,63.6,6.3,3337,15,9,83.7,176,31.1,36,6,75T,40,2002
Cowboys,574,334,58.2,6.2,3449,22,19,75.6,178,31,45,7,65T,24,2002
Browns,513,299,58.3,6.7,3269,20,17,77.8,164,32,42,7,72T,28,2002
Bengals,454,287,63.2,7.5,3262,30,9,99.9,182,40.1,44,5,69,24,2002
Bears,547,335,61.2,6.9,3530,24,9,89.7,185,33.8,49,7,85T,35,2002
Panthers,522,293,56.1,6.4,2993,18,17,73.4,155,29.7,42,5,80T,52,2002
Bills,495,281,56.8,6.6,3067,24,10,84.7,160,32.3,47,7,81,31,2002
Redskins,483,285,59,6.9,3195,23,17,81.4,176,36.4,46,6,80T,27,2003
Buccaneers,475,274,57.7,6.2,2710,16,20,69.7,140,29.5,30,6,75T,36,2003
Seahawks,573,343,59.9,6.5,3480,24,16,81.4,183,31.9,35,14,72T,40,2003
49ers,514,310,60.3,6.9,3238,25,23,78.6,165,32.1,45,8,75T,42,2003
Chargers,524,322,61.5,6.8,3375,36,13,94.3,178,34,46,5,60T,30,2003
Steelers,484,294,60.7,6.7,3042,20,14,82.4,155,32,43,10,61T,35,2003
Cardinals,497,311,62.6,7.4,3589,29,13,93.7,184,37,45,7,68T,21,2003
Eagles,559,337,60.3,6.2,3236,17,13,78.7,171,30.6,38,6,60T,38,2003
Jets,455,281,61.8,7.1,3025,14,11,83.4,168,36.9,46,5,59T,35,2003
Giants,519,309,59.5,7.1,3412,25,10,89.5,178,34.3,59,3,64,45,2003
Saints,485,264,54.4,6.5,2993,20,14,76.3,165,34,38,2,79T,32,2003
Patriots,618,328,53.1,5.6,3232,11,29,56.2,177,28.6,37,5,67,41,2003
Vikings,531,311,58.6,7,3477,17,28,68.8,186,35,54,5,51,37,2003
Dolphins,529,319,60.3,6.8,3335,12,22,70.8,171,32.3,39,9,82T,44,2003
Raiders,467,286,61.2,7.6,3394,21,14,87.3,159,34,52,16,65T,25,2003
Rams,510,296,58,6.6,3072,23,24,73.3,164,32.2,43,6,77,42,2003
Chiefs,565,332,58.8,6.4,3363,19,25,70.5,184,32.6,48,5,77T,36,2003
Jaguars,510,303,59.4,6.6,3251,23,15,82,172,33.7,38,6,75T,24,2003
Colts,445,277,62.2,6.8,2809,18,15,81.8,138,31,31,8,74T,31,2003
Texans,502,297,59.2,7.6,3712,22,14,86.2,179,35.7,55,10,84T,19,2003
Titans,546,332,60.8,7,3606,20,21,78.2,167,30.6,43,11,86T,38,2003
Packers,589,326,55.3,6.1,3400,18,21,69,172,29.2,48,8,68T,34,2003
Lions,522,331,63.4,7.2,3578,26,15,89.6,166,31.8,42,7,73T,28,2003
Broncos,495,265,53.5,6.2,2828,17,9,76.2,141,28.5,41,11,66T,36,2003
Cowboys,492,239,48.6,5.7,2631,18,13,67.6,127,25.8,40,9,76T,32,2003
Browns,502,297,59.2,6.1,2846,13,15,72.9,160,31.9,27,4,55T,35,2003
Bengals,508,297,58.5,7.1,3402,23,14,83.9,177,34.8,42,9,73T,30,2003
Bears,525,326,62.1,6.1,3082,20,15,79.9,156,29.7,32,1,51,18,2003
Panthers,522,299,57.3,6.2,3003,19,16,74.8,161,30.8,42,5,65T,40,2003
Bills,508,285,56.1,5.8,2707,18,10,76.5,153,30.1,26,6,77T,38,2003
Redskins,515,294,57.1,6.3,2977,17,18,72.2,153,29.7,34,7,80,40,2004
Buccaneers,436,247,56.7,6.5,2579,21,16,77.2,131,30,38,7,79T,45,2004
Seahawks,559,340,60.8,6.8,3590,24,23,78.3,191,34.2,43,5,63,36,2004
49ers,490,308,62.9,7.5,3486,27,9,96.5,179,36.5,55,7,60,29,2004
Chargers,607,372,61.3,6.9,4053,19,23,76.6,200,32.9,56,6,50,29,2004
Steelers,484,269,55.6,6.3,2835,14,19,68,146,30.2,33,8,58T,41,2004
Cardinals,505,271,53.7,6.5,3036,18,15,73.2,153,30.3,39,4,75T,38,2004
Eagles,550,334,60.7,6.3,3212,16,17,75.8,165,30,45,6,52,47,2004
Jets,497,289,58.1,7.1,3312,21,19,78.3,169,34,48,7,65,37,2004
Giants,467,292,62.5,7,3030,28,14,90.9,170,36.4,44,5,53,40,2004
Saints,545,324,59.4,7.5,3888,24,13,87.7,193,35.4,65,5,59,37,2004
Patriots,538,315,58.6,6.9,3400,18,20,75.3,177,32.9,44,13,65T,45,2004
Vikings,544,338,62.1,7.6,3896,30,11,95.5,220,40.4,52,7,62,39,2004
Dolphins,434,244,56.2,6.5,2592,20,15,76.9,139,32,38,7,69T,36,2004
Raiders,510,315,61.8,8.1,3924,30,9,99.4,210,41.2,58,7,85T,25,2004
Rams,492,292,59.3,6.9,3174,24,6,91.6,172,35,37,9,71T,34,2004
Chiefs,522,312,59.8,8.5,4203,32,13,97.5,190,36.4,72,22,65,41,2004
Jaguars,497,306,61.6,7.2,3357,18,16,82,181,36.4,40,5,54,37,2004
Colts,557,364,65.4,7.6,3892,26,19,89.5,209,37.5,53,8,79T,45,2004
Texans,530,344,64.9,7.1,3615,32,22,88.7,194,36.6,39,7,80T,24,2004
Titans,524,333,63.5,7.7,3807,29,18,91.2,189,36.1,53,13,62,32,2004
Packers,518,314,60.6,7.6,3663,33,8,99.1,181,34.9,60,12,68T,40,2004
Lions,535,328,61.3,7,3514,29,14,89.4,167,31.2,45,8,82T,38,2004
Broncos,484,272,56.2,6.6,2947,17,12,78,130,26.9,41,13,71T,38,2004
Cowboys,502,310,61.8,7.4,3521,31,13,94.2,180,35.9,41,12,76T,33,2004
Browns,460,277,60.2,6.7,2901,17,15,79,144,31.3,31,10,72T,32,2004
Bengals,520,313,60.2,6.8,3303,23,20,79.5,158,30.4,44,8,99T,37,2004
Bears,515,287,55.7,6.8,3340,23,17,78.1,165,32,49,11,69,35,2004
Panthers,513,303,59.1,7.2,3478,18,26,72,177,34.5,51,7,75T,34,2004
Bills,486,261,53.7,6.1,2624,20,24,65.2,150,30.9,37,9,51T,45,2004
Redskins,535,291,54.4,6.2,3081,15,16,70.1,158,29.5,44,8,70T,35,2005
Buccaneers,476,275,57.8,6.6,2929,15,17,73.5,148,31.1,41,7,62,36,2005
Seahawks,571,331,58,6.8,3559,18,16,77.4,194,34,46,6,63,50,2005
49ers,576,374,64.9,8,4427,28,16,94.2,205,35.6,61,14,78T,28,2005
Chargers,567,338,59.6,6.9,3599,20,10,84.7,189,33.3,46,5,56,46,2005
Steelers,549,315,57.4,6.3,3168,15,15,74,179,32.6,38,8,80T,47,2005
Cardinals,488,301,61.7,6.8,3097,17,15,80.6,158,32.4,38,6,65T,37,2005
Eagles,503,297,59,7,3323,24,17,82.2,171,34,38,10,61T,29,2005
Jets,463,284,61.3,6.4,2755,17,21,73.1,151,32.6,33,2,50T,30,2005
Giants,580,329,56.7,6.6,3584,20,17,76.3,189,32.6,54,5,72T,41,2005
Saints,418,241,57.7,7.2,2849,20,10,86.2,145,34.7,48,11,68,25,2005
Patriots,527,296,56.2,7.4,3703,25,10,87.8,179,34,56,14,85T,33,2005
Vikings,533,319,59.8,6.6,3332,23,24,75.2,177,33.2,36,11,70T,34,2005
Dolphins,549,323,58.8,6.7,3307,23,14,82.4,183,33.3,42,9,60T,49,2005
Raiders,486,296,60.9,7.2,3243,18,5,90.7,165,34,38,7,78T,36,2005
Rams,507,314,61.9,7.1,3424,26,13,89.8,178,35.1,47,5,52,41,2005
Chiefs,559,325,58.1,6.9,3679,25,16,82.3,189,33.8,46,6,78T,29,2005
Jaguars,482,285,59.1,6.7,2946,22,19,78,158,32.8,36,8,83T,47,2005
Colts,509,343,67.4,6.8,3151,17,18,83,163,32,36,5,68T,46,2005
Texans,469,304,64.8,7.9,3521,24,7,100,188,40.1,49,10,56T,37,2005
Titans,470,296,63,7.4,3216,33,9,100.7,180,38.3,43,7,63T,41,2005
Packers,430,252,58.6,6.7,2680,22,10,86.2,143,33.3,36,6,80T,35,2005
Lions,487,295,60.6,6.8,3118,19,19,77.6,166,34.1,35,10,80T,31,2005
Broncos,613,344,56.1,6.3,3643,20,20,72.2,183,29.9,40,7,91T,28,2005
Cowboys,495,271,54.7,6.7,3083,18,15,75.1,150,30.3,41,9,89T,37,2005
Browns,471,279,59.2,6.4,2867,19,15,78.2,161,34.2,37,6,51T,23,2005
Bengals,519,324,62.4,7.2,3569,21,31,72.8,185,35.6,42,6,68T,28,2005
Bears,550,313,56.9,5.7,2872,10,24,61.2,153,27.8,29,7,56,41,2005
Panthers,528,305,57.8,6.3,3057,15,23,68,160,30.3,32,10,86,45,2005
Bills,503,314,62.4,7.1,3291,19,17,82.1,169,33.6,48,7,57,38,2005
Redskins,486,289,59.5,7.4,3491,30,6,97.8,169,34.8,55,15,84T,19,2006
Buccaneers,493,301,61.1,7.1,3354,26,11,91,174,35.3,38,8,52T,25,2006
Seahawks,504,299,59.3,7,3256,23,12,86.1,160,31.7,38,11,71T,41,2006
49ers,518,331,63.9,7.4,3571,25,14,90.9,189,36.5,45,7,74,34,2006
Chargers,538,307,57.1,6.6,3212,19,16,76.6,178,33.1,45,8,74T,61,2006
Steelers,529,319,60.3,6.8,3393,21,20,78.3,176,33.3,44,8,66T,39,2006
Cardinals,522,321,61.5,7.5,3694,21,16,85.4,186,35.6,54,11,78,38,2006
Eagles,525,309,58.9,6.4,3067,17,19,73.6,154,29.3,41,8,75,40,2006
Jets,532,316,59.4,6.5,3222,19,16,78,181,34,39,5,77T,35,2006
Giants,567,333,58.7,6.8,3649,21,17,79,189,33.3,51,5,53T,32,2006
Saints,474,267,56.3,6.6,2854,26,11,85.1,148,31.2,38,16,60T,38,2006
Patriots,518,294,56.8,6.7,3203,10,22,66.1,164,31.7,48,9,83T,44,2006
Vikings,599,355,59.3,6.7,3818,15,21,73.1,192,32.1,53,7,82T,30,2006
Dolphins,497,279,56.1,6.6,3007,22,8,84.4,166,33.4,44,5,87T,47,2006
Raiders,410,245,59.8,6.4,2413,17,18,74.1,137,33.4,32,5,58,34,2006
Rams,451,266,59,7.2,3035,21,17,81.1,164,36.4,41,8,72T,34,2006
Chiefs,506,314,62.1,7,3334,18,15,82.3,171,33.8,45,8,87T,32,2006
Jaguars,523,294,56.2,6.3,3078,12,20,66.8,143,27.3,40,7,68T,35,2006
Colts,415,266,64.1,6.5,2548,16,15,80.4,150,36.1,27,2,46,25,2006
Texans,505,328,65,7.2,3444,22,11,91.6,174,34.5,42,5,83T,28,2006
Titans,530,335,63.2,7.1,3602,24,17,86,181,34.2,44,11,68T,26,2006
Packers,515,286,55.5,7.1,3309,25,23,75.4,169,32.8,53,13,75T,46,2006
Lions,511,339,66.3,7.3,3520,22,12,92.3,183,35.8,45,9,75T,30,2006
Broncos,538,327,60.8,6.7,3410,13,17,75.6,183,34,39,5,63,35,2006
Cowboys,511,301,58.9,7.3,3506,25,18,83.2,179,35,43,14,87T,34,2006
Browns,499,283,56.7,6.8,3242,20,18,75.9,178,35.7,39,6,77T,28,2006
Bengals,555,349,62.9,7.3,3818,24,19,84.9,206,37.1,49,6,75,35,2006
Bears,581,328,56.5,5.8,3116,18,24,66.5,159,27.4,37,4,64T,40,2006
Panthers,500,291,58.2,6.5,3000,22,14,80.8,149,29.8,41,8,86T,41,2006
Bills,513,324,63.2,6.4,3019,18,13,82.5,168,32.7,39,2,62,40,2006
Redskins,602,351,58.3,6,3424,20,14,77.1,174,28.9,36,7,60,33,2007
Buccaneers,490,297,60.6,6,2728,18,16,76.2,158,32.2,24,7,58,33,2007
Seahawks,568,333,58.6,6.7,3505,15,20,73,183,32.2,47,8,79T,45,2007
49ers,543,345,63.5,7,3643,24,12,89.9,187,34.4,51,7,65,31,2007
Chargers,555,338,60.9,6.6,3412,20,30,70,185,33.3,37,5,57T,42,2007
Steelers,536,292,54.5,5.7,2824,22,11,76.5,158,29.5,32,4,63T,36,2007
Cardinals,570,361,63.3,6.9,3716,26,18,85.8,185,32.5,47,6,74T,36,2007
Eagles,539,312,57.9,6.9,3449,16,11,80.3,177,32.8,45,12,91T,37,2007
Jets,470,289,61.5,7.2,3154,18,15,82.6,174,37,34,8,85T,29,2007
Giants,523,306,58.5,7,3317,24,15,83.4,185,35.4,47,11,65T,53,2007
Saints,524,327,62.4,7.9,3924,32,13,96.9,196,37.4,54,15,80T,32,2007
Patriots,526,314,59.7,6.4,3041,23,19,78.1,172,32.7,32,5,73T,47,2007
Vikings,646,415,64.2,7,4225,22,15,86.3,222,34.4,47,6,81T,38,2007
Dolphins,409,242,59.2,7.8,3019,28,14,92.4,165,40.3,39,9,70T,30,2007
Raiders,439,261,59.5,7.6,3132,17,18,78.9,156,35.5,46,9,80T,27,2007
Rams,523,318,60.8,7.4,3613,25,18,85,190,36.3,47,5,83,31,2007
Chiefs,462,276,59.7,7.1,3022,17,14,81,156,33.8,40,9,77T,37,2007
Jaguars,543,319,58.7,6.7,3416,20,20,76.1,181,33.3,49,6,58T,37,2007
Colts,498,325,65.3,5.9,2764,16,22,73.3,162,32.5,20,4,55,28,2007
Texans,546,361,66.1,7.1,3682,25,11,93.6,197,36.1,46,7,74T,31,2007
Titans,569,349,61.3,6,3187,21,22,74.5,165,29,36,8,69T,40,2007
Packers,534,295,55.2,6.7,3366,23,19,75.6,176,33,46,6,50,36,2007
Lions,602,422,70.1,7.3,4131,32,17,96.8,221,36.7,39,7,68T,37,2007
Broncos,458,279,60.9,7.2,3094,25,14,88.3,168,36.7,41,7,82T,33,2007
Cowboys,581,342,58.9,6.4,3409,19,19,75.1,195,33.6,35,7,69T,46,2007
Browns,578,340,58.8,6.7,3681,29,17,83.4,211,36.5,50,3,42,28,2007
Bengals,540,353,65.4,7.1,3687,29,19,89.2,200,37,38,7,73,22,2007
Bears,541,343,63.4,7.3,3708,19,16,84.7,185,34.2,43,9,71,41,2007
Panthers,537,337,62.8,6.7,3426,22,14,85.1,174,32.4,36,8,69T,23,2007
Bills,567,354,62.4,7,3814,19,18,81.1,203,35.8,55,7,59T,26,2007
Ravens,490,293,59.8,7.6,3557,27,17,87.6,162,33.1,53,15,78T,32,2007
Falcons,536,336,62.7,7.1,3655,27,16,88.2,190,35.4,48,5,60T,25,2007
Redskins,511,290,56.8,6.3,3095,16,13,75.6,159,31.1,37,8,79,24,2008
Buccaneers,475,276,58.1,6.7,2997,23,22,75.3,153,32.2,39,6,84T,29,2008
Seahawks,566,366,64.7,7.7,4149,25,9,96,207,36.6,59,11,63,35,2008
49ers,545,331,60.7,6.7,3507,22,12,85,170,31.2,33,12,81,30,2008
Chargers,605,411,67.9,6.8,3958,25,15,90.3,213,35.2,37,4,71T,28,2008
Steelers,533,301,56.5,5.4,2511,12,20,63.4,149,28,23,2,65T,51,2008
Cardinals,517,323,62.5,7.2,3540,36,13,96.9,172,33.3,40,10,87T,31,2008
Eagles,525,284,54.1,6.1,2913,19,15,72.9,144,27.4,47,8,90T,48,2008
Jets,572,368,64.3,7,3752,23,14,88.1,209,36.5,41,5,60,41,2008
Giants,503,296,58.8,6.8,3139,17,17,76.7,165,32.8,40,8,70,42,2008
Saints,526,299,56.8,7,3547,21,15,80.3,180,34.2,53,5,67T,28,2008
Patriots,474,288,60.8,7.3,3222,27,14,89.8,176,37.1,38,12,78T,31,2008
Vikings,530,324,61.1,7.1,3449,15,12,82.5,163,30.8,49,8,75,45,2008
Dolphins,551,320,58.1,7,3644,18,18,77,173,31.4,49,9,79T,40,2008
Raiders,471,266,56.5,7.2,3220,20,16,79.3,166,35.2,43,9,72,32,2008
Rams,444,278,62.6,8.3,3475,20,12,92.5,158,35.6,51,11,90T,30,2008
Chiefs,522,348,66.7,7.3,3748,21,13,91.1,195,37.4,43,7,70T,10,2008
Jaguars,465,297,63.9,8.1,3586,25,13,95.4,166,35.7,55,17,56T,29,2008
Colts,481,329,68.4,6.7,3009,6,15,78,165,34.3,33,3,61,30,2008
Texans,471,294,62.4,7.6,3423,24,12,92.3,167,35.5,49,11,96T,25,2008
Titans,575,342,59.5,6,3196,12,20,69.2,166,28.9,39,6,65,44,2008
Packers,518,287,55.4,6.5,3244,22,22,71.9,141,27.2,41,11,70T,27,2008
Lions,443,303,68.4,8.8,3716,25,4,110.9,188,42.4,48,12,86T,30,2008
Broncos,495,333,67.3,7.7,3656,20,6,98.5,186,37.6,41,6,74,26,2008
Cowboys,508,308,60.6,6.6,3003,19,8,86.2,163,32.1,37,7,60,59,2008
Browns,446,286,64.1,7.5,3273,19,23,79.7,176,39.5,46,3,93T,17,2008
Bengals,506,315,62.3,6.7,3287,23,12,87.3,169,33.4,33,7,70T,17,2008
Bears,622,383,61.6,6.6,3859,21,22,77.2,208,33.4,40,3,99T,28,2008
Panthers,557,333,59.8,6.5,3387,19,12,81.4,178,32,43,8,69,37,2008
Bills,492,301,61.2,7,3271,14,10,83.2,167,33.9,39,7,84T,24,2008
Ravens,528,276,52.3,5.9,2875,17,26,60.6,152,28.8,41,6,67T,34,2008
Falcons,549,325,59.2,6.9,3526,20,10,84.6,189,34.4,48,5,56T,34,2008
Redskins,511,314,61.4,7,3316,19,11,85.7,176,34.4,41,10,75T,40,2009
Buccaneers,482,301,62.4,7.2,3318,28,19,87.2,171,35.5,36,11,80T,28,2009
Seahawks,568,374,65.8,7.2,3927,27,13,93.4,204,35.9,47,4,64T,28,2009
49ers,580,352,60.7,6.8,3670,14,18,76.2,176,30.3,47,9,90T,44,2009
Chargers,534,326,61,6.7,3348,23,14,84.2,177,33.1,34,7,84,35,2009
Steelers,548,319,58.2,6.9,3447,22,12,83.4,186,33.9,46,9,83T,47,2009
Cardinals,593,346,58.3,6.7,3739,22,21,76.4,188,31.7,50,10,72,43,2009
Eagles,580,354,61,6.5,3462,27,25,77.6,179,30.9,46,6,86T,44,2009
Jets,501,259,51.7,5.4,2459,8,17,58.8,128,25.5,31,3,59,32,2009
Giants,498,314,63.1,7.4,3425,31,13,95.1,182,36.5,51,10,60T,32,2009
Saints,574,330,57.5,6.9,3769,15,26,68.6,175,30.5,48,11,71T,35,2009
Patriots,512,300,58.6,7,3355,25,18,81.7,193,37.7,42,5,75T,31,2009
Vikings,535,341,63.7,7.1,3494,26,11,92.5,183,34.2,52,9,63,48,2009
Dolphins,489,281,57.5,8.2,3754,23,15,86.9,184,37.6,57,17,81T,44,2009
Raiders,438,259,59.1,8.1,3303,16,8,89.5,158,36.1,56,16,63,37,2009
Rams,491,315,64.2,8,3764,22,8,96.9,182,37.1,56,13,73T,25,2009
Chiefs,509,302,59.3,7.6,3707,25,15,87.1,178,35,44,16,64T,22,2009
Jaguars,510,345,67.6,7.6,3774,28,15,96,191,37.5,48,7,98T,14,2009
Colts,583,372,63.8,6.2,3403,19,16,80.6,203,34.8,27,6,63T,34,2009
Texans,548,344,62.8,6.7,3487,19,14,83.2,175,31.9,39,7,69T,30,2009
Titans,604,404,66.9,7.2,4139,31,20,91.2,210,34.8,61,9,72T,32,2009
Packers,540,294,54.4,6.4,3218,29,30,68.8,168,31.1,49,9,68,37,2009
Lions,545,371,68.1,8.1,4249,35,9,107,213,39.1,54,17,68,26,2009
Broncos,510,298,58.4,6.3,2981,18,17,75,167,32.7,40,4,53,39,2009
Cowboys,572,344,60.1,6.8,3606,19,11,83.5,186,32.5,45,5,74T,42,2009
Browns,526,313,59.5,7.9,3915,22,10,90.6,189,35.9,62,13,75T,40,2009
Bengals,547,318,58.1,6.4,3249,18,19,73.6,165,30.2,41,6,87T,34,2009
Bears,531,341,64.2,6.9,3382,29,13,92.3,186,35,41,4,50T,35,2009
Panthers,495,305,61.6,6.6,3056,14,22,71.7,155,31.3,37,6,63,31,2009
Bills,519,295,56.8,6,2948,14,28,61.1,157,30.3,34,5,52,32,2009
Ravens,524,306,58.4,6.7,3316,17,22,71.9,164,31.3,48,8,81T,32,2009
Falcons,536,335,62.5,7.5,3871,25,15,89.5,197,36.8,55,11,65T,28,2009
Redskins,578,367,63.5,7.5,4187,23,14,89.6,207,35.8,57,10,92T,29,2010
Buccaneers,521,307,58.9,6.4,3216,23,19,77.6,171,32.8,37,9,65T,26,2010
Seahawks,585,339,57.9,7.2,3994,31,12,89.7,206,35.2,60,11,69T,37,2010
49ers,550,358,65.1,7.2,3697,25,15,90,188,34.2,48,11,71,36,2010
Chargers,488,285,58.4,6.4,2845,18,16,76.2,153,31.4,36,5,71T,47,2010
Steelers,593,363,61.2,6.3,3425,15,21,73.1,182,30.7,35,7,67,48,2010
Cardinals,533,324,60.8,7.3,3654,22,17,83.5,178,33.4,55,7,70,33,2010
Eagles,536,309,57.6,7,3469,31,23,80.8,185,34.5,54,9,80T,39,2010
Jets,531,269,50.7,6.5,3210,24,12,77.1,169,31.8,48,5,50,40,2010
Giants,539,308,57.1,6.8,3352,24,16,80.5,159,29.5,44,10,87T,46,2010
Saints,494,306,61.9,6.8,3103,13,9,83.2,150,30.4,42,7,68,33,2010
Patriots,611,388,63.5,7.1,4136,25,25,81.2,226,37,55,4,66T,36,2010
Vikings,529,333,62.9,6.7,3367,25,15,86.4,178,33.6,39,7,67T,31,2010
Dolphins,502,288,57.4,7.1,3348,22,11,85,166,33.1,50,11,86T,39,2010
Raiders,470,249,53,7.1,3027,29,12,85.6,150,31.9,51,7,57T,47,2010
Rams,570,328,57.5,6.8,3578,21,14,80.4,191,33.5,51,5,65,43,2010
Chiefs,581,319,54.9,6.5,3519,23,14,78.1,186,32,44,10,87T,39,2010
Jaguars,506,329,65,8.3,4004,28,13,98.5,197,38.9,58,13,67T,26,2010
Colts,535,356,66.5,6.8,3433,22,10,91.7,190,35.5,40,4,61,30,2010
Texans,547,354,64.7,8.2,4280,33,13,100.5,211,38.6,56,18,73T,30,2010
Titans,625,410,65.6,6.9,4032,23,17,86.4,214,34.2,45,10,75T,40,2010
Packers,527,296,56.2,6.5,3107,16,24,67.2,163,30.9,44,8,85T,47,2010
Lions,518,330,63.7,7.3,3498,23,14,89.2,187,36.1,43,9,89T,44,2010
Broncos,502,297,59.2,7.8,3780,26,10,93,184,36.7,62,12,73T,23,2010
Cowboys,540,348,64.4,7.7,3894,33,20,92.8,200,37,57,13,91T,35,2010
Browns,507,309,60.9,7.3,3531,26,19,84.8,195,38.5,49,8,78T,29,2010
Bengals,514,326,63.4,7.1,3469,21,16,85.2,170,33.1,47,10,54,27,2010
Bears,582,363,62.4,6.6,3588,14,21,74.4,183,31.4,44,5,59T,34,2010
Panthers,526,326,62,6.9,3393,19,17,81,176,33.5,45,7,56T,31,2010
Bills,473,294,62.2,6.9,3072,28,11,92.6,179,37.8,38,4,52T,27,2010
Ravens,596,349,58.6,6.4,3599,22,19,76.4,187,31.4,52,5,88T,27,2010
Falcons,560,364,65,6.9,3625,23,22,82.2,183,32.7,38,6,83T,31,2010
Redskins,509,308,60.5,7.5,3553,22,13,87.4,180,35.4,58,9,73T,41,2011
Buccaneers,481,301,62.6,8.2,3814,30,14,97.2,188,39.1,50,12,91T,23,2011
Seahawks,543,324,59.7,6.9,3518,18,22,74.8,174,32,43,10,68T,33,2011
49ers,579,333,57.5,6.9,3695,20,23,73.6,190,32.8,48,12,77,42,2011
Chargers,478,299,62.6,7.9,3591,29,17,92.5,186,38.9,53,10,78,32,2011
Steelers,530,289,54.5,5.6,2751,15,11,71.7,156,29.4,34,2,73T,35,2011
Cardinals,578,340,58.8,6.9,3696,17,10,82.5,174,30.1,58,7,95T,42,2011
Eagles,518,301,58.1,7.2,3397,27,15,85.7,173,33.4,53,13,74T,50,2011
Jets,507,275,54.2,6.7,3216,15,19,69.6,167,32.9,43,10,99T,35,2011
Giants,589,361,61.3,7.5,4082,28,20,86.1,210,35.7,60,7,74,48,2011
Saints,626,362,57.8,7,4157,24,9,86.4,196,31.3,49,14,72T,33,2011
Patriots,619,386,62.4,8,4703,26,23,86.1,245,39.6,79,9,58,40,2011
Vikings,538,367,68.2,8.1,4019,34,8,107.6,213,39.6,55,13,79T,50,2011
Dolphins,590,350,59.3,7.2,3992,24,16,83.7,198,33.6,63,10,99T,41,2011
Raiders,601,324,53.9,7.1,4023,31,18,81.3,206,34.3,58,11,81,39,2011
Rams,484,293,60.5,7.4,3301,21,12,87.3,166,34.3,49,12,93T,39,2011
Chiefs,454,257,56.6,7.5,3221,23,20,79.1,169,37.2,55,8,67T,29,2011
Jaguars,513,326,63.5,6.9,3341,21,17,83.7,175,34.1,43,7,80T,31,2011
Colts,493,351,71.2,7.8,3632,25,8,103.9,193,39.1,45,6,81T,29,2011
Texans,538,279,51.9,6.2,3035,18,17,69,166,30.9,45,6,56,44,2011
Titans,591,369,62.4,6.4,3629,21,11,85.1,187,31.6,54,4,78T,28,2011
Packers,637,390,61.2,7.8,4796,29,31,80.6,246,38.6,71,10,72,29,2011
Lions,604,376,62.3,6.8,3831,26,21,82.1,195,32.3,46,9,80T,41,2011
Broncos,534,333,62.4,7.5,3704,24,9,93.1,182,34.1,46,13,84,41,2011
Cowboys,545,336,61.7,7.6,3906,24,15,88.4,199,36.5,57,9,74T,42,2011
Browns,469,265,56.5,6.7,2959,16,9,80.6,149,31.8,43,8,80T,32,2011
Bengals,539,319,59.2,6.8,3385,21,10,85,170,31.5,47,7,74T,45,2011
Bears,631,383,60.7,6.8,4065,22,20,79.3,199,31.5,49,9,79T,33,2011
Panthers,490,318,64.9,8.4,3949,28,14,98.3,191,39,52,11,84T,31,2011
Bills,507,321,63.3,7.7,3714,30,20,90.4,196,38.7,48,11,65T,29,2011
Ravens,535,288,53.8,6.4,3140,11,15,68.8,166,31,46,8,66,48,2011
Falcons,560,340,60.7,7.2,3786,25,19,83.3,186,33.2,56,12,70T,33,2011
Redskins,636,393,61.8,7.4,4511,31,21,87,223,35.1,58,11,85T,32,2012
Buccaneers,627,410,65.4,7.9,4758,30,18,93.5,226,36,69,11,80T,27,2012
Seahawks,564,327,58,6.2,3250,15,18,71.8,186,33,40,5,56,36,2012
49ers,567,337,59.4,6.1,3203,19,14,78,178,31.4,38,7,53,38,2012
Chargers,568,347,61.1,6.9,3681,28,14,87.9,201,35.4,45,11,55,38,2012
Steelers,523,299,57.2,6,2963,19,10,79,169,32.3,31,2,71T,37,2012
Cardinals,497,270,54.3,6.9,3213,20,22,71.2,160,32.2,48,8,80T,38,2012
Eagles,485,292,60.2,7.6,3470,33,8,99.6,178,36.7,52,11,63T,30,2012
Jets,494,266,53.8,6.5,3036,20,11,78.2,161,32.6,42,4,83T,30,2012
Giants,534,341,63.9,8.1,4068,26,21,88.7,196,36.7,60,13,62T,33,2012
Saints,602,370,61.5,8.1,4681,31,15,93.8,236,39.2,66,14,95,30,2012
Patriots,594,369,62.1,7.7,4342,27,20,86.9,207,34.8,74,8,68T,37,2012
Vikings,612,391,63.9,6.8,3908,28,10,92.3,229,37.4,44,5,73,44,2012
Dolphins,600,353,58.8,7,3974,18,10,83.4,215,35.8,60,6,66,42,2012
Raiders,526,347,66,7.5,3775,28,11,97.5,180,34.2,56,12,64,25,2012
Rams,547,362,66.2,7.2,3602,16,17,83.9,197,36,36,7,68T,52,2012
Chiefs,464,279,60.1,8,3533,29,7,99.9,176,37.9,51,10,62T,27,2012
Jaguars,535,341,63.7,7.4,3832,21,12,89.8,194,36.3,48,8,59,20,2012
Colts,535,334,62.4,7.4,3788,23,12,90.1,190,35.5,44,9,80T,32,2012
Texans,581,308,53,6.7,3612,29,15,80,167,28.7,54,11,81T,44,2012
Titans,564,374,66.3,7.5,3964,31,19,92.7,210,37.2,55,7,82T,39,2012
Packers,568,313,55.1,6.7,3492,24,18,76.8,191,33.6,50,7,80T,47,2012
Lions,544,346,63.6,7,3569,26,11,91.7,167,30.7,42,13,71T,34,2012
Broncos,559,321,57.4,6.4,3194,25,16,79.4,183,32.7,39,9,61T,52,2012
Cowboys,511,320,62.6,7.6,3684,22,7,94.7,195,38.2,52,9,68T,34,2012
Browns,600,378,63,6.9,3923,27,17,86.6,203,33.8,43,8,64T,38,2012
Bengals,560,346,61.8,6.7,3400,16,14,80.7,183,32.7,51,5,71T,51,2012
Bears,592,350,59.1,6.3,3423,19,24,71.3,186,31.4,47,4,62,41,2012
Panthers,555,371,66.8,6.9,3568,22,11,91.7,195,35.1,38,5,60T,39,2012
Bills,536,306,57.1,6.8,3473,25,12,84.4,182,34,45,7,53,36,2012
Ravens,557,335,60.1,7,3650,15,13,80.6,187,33.6,49,8,59,37,2012
Falcons,551,337,61.2,7.4,3878,14,20,77.1,189,34.3,53,6,77T,29,2012
Redskins,514,337,65.6,8,3896,29,16,96.1,204,39.7,58,7,57,36,2013
Buccaneers,547,352,64.4,7.4,3806,30,21,88.9,190,34.7,46,10,80T,35,2013
Seahawks,524,309,59,5.8,2752,16,28,63.4,156,29.8,30,3,73T,44,2013
49ers,585,345,59,6.5,3536,19,18,76.4,181,30.9,43,9,75T,38,2013
Chargers,548,364,66.4,8,4139,23,11,96.4,208,38,58,10,74T,35,2013
Steelers,569,329,57.8,6.6,3553,21,10,82.7,174,30.6,46,12,81T,34,2013
Cardinals,625,367,58.7,6.5,3728,29,20,80.3,208,33.3,48,5,72T,47,2013
Eagles,670,408,60.9,7.3,4636,25,19,84,239,35.7,62,9,66,37,2013
Jets,586,345,58.9,7.1,3947,26,13,86.5,198,33.8,55,15,77T,41,2013
Giants,601,361,60.1,6.3,3573,21,17,78.3,198,32.9,41,5,56,34,2013
Saints,507,304,60,6.8,3105,20,12,83.6,168,33.1,40,10,60,49,2013
Patriots,589,336,57,7,3824,25,17,81,208,35.3,55,9,80T,48,2013
Vikings,648,419,64.7,7.5,4595,37,12,98.6,247,38.1,57,9,80T,41,2013
Dolphins,580,344,59.3,6.9,3752,17,18,77.3,192,33.1,53,10,67,42,2013
Raiders,549,374,68.1,7.9,4092,33,9,105.1,202,36.8,55,11,71T,38,2013
Rams,521,355,68.1,8.1,3874,21,14,94.7,203,39,51,11,81T,53,2013
Chiefs,592,334,56.4,7.2,3962,25,21,78.5,189,31.9,63,16,77,47,2013
Jaguars,551,354,64.2,7.6,3962,29,11,96.5,200,36.3,65,8,95T,31,2013
Colts,536,324,60.4,7.4,3711,21,15,84.6,191,35.6,51,8,81T,42,2013
Texans,484,287,59.3,6.8,3123,29,7,93.9,158,32.6,37,10,64T,32,2013
Titans,545,344,63.1,7,3612,15,13,83.3,191,35,49,3,55,36,2013
Packers,539,332,61.6,7.8,3956,30,11,95.9,190,35.3,61,8,67,44,2013
Lions,572,338,59.1,7.3,3950,24,15,85,197,34.4,52,14,85T,33,2013
Broncos,613,357,58.2,7.1,4070,29,17,84.5,208,33.9,61,8,82T,41,2013
Cowboys,623,403,64.7,7.8,4589,33,15,96,231,37.1,71,8,87,34,2013
Browns,605,363,60,6.2,3538,29,14,84.1,197,32.6,41,5,50,40,2013
Bengals,614,362,59,5.9,3344,22,20,74.2,178,29,36,9,74T,43,2013
Bears,507,315,62.1,7.7,3730,25,19,86.9,184,36.3,59,7,48T,31,2013
Panthers,563,375,66.6,6.8,3429,17,20,81.4,178,31.6,48,8,73,60,2013
Bills,561,310,55.3,6.5,3271,28,23,74.9,170,30.3,47,14,74,57,2013
Ravens,552,314,56.9,7.1,3681,25,16,82.2,176,31.9,50,17,79T,40,2013
Falcons,516,341,66.1,8,3897,31,10,102.4,196,38,52,17,67,32,2013
Redskins,519,345,66.5,8.2,3990,35,7,108.3,195,37.6,56,12,79T,36,2014
Buccaneers,563,387,68.7,7.6,4084,28,14,97.4,223,39.6,48,5,56T,36,2014
Seahawks,507,313,61.7,6.3,2970,17,13,80.4,175,34.5,32,6,60T,37,2014
49ers,551,324,58.8,6.8,3531,29,23,79.5,188,34.1,49,8,63,36,2014
Chargers,524,320,61.1,6.9,3427,24,7,91.3,168,32.1,47,5,77T,26,2014
Steelers,543,350,64.5,7.8,4049,30,11,98.3,193,35.5,50,15,81T,33,2014
Cardinals,579,365,63,7.6,4152,22,18,86,195,33.7,62,14,86T,35,2014
Eagles,591,345,58.4,7.8,4238,30,12,91.6,211,35.7,72,18,81T,49,2014
Jets,538,345,64.1,7.5,3746,31,6,101.5,194,36.1,45,14,87T,45,2014
Giants,522,324,62.1,8,3850,25,17,89.4,187,35.8,62,13,74T,47,2014
Saints,546,341,62.5,7.7,4019,26,12,92.9,205,37.5,54,10,73T,34,2014
Patriots,574,342,59.6,7.2,3837,24,16,84,196,34.1,62,8,50,40,2014
Vikings,534,353,66.1,7.1,3572,26,13,92.8,189,35.4,44,10,66T,41,2014
Dolphins,537,338,62.9,7,3557,27,14,89.7,194,36.1,47,7,74T,39,2014
Raiders,538,343,63.8,7.4,3810,29,9,96.9,190,35.3,59,6,70T,22,2014
Rams,540,368,68.1,7.6,3861,18,13,91.8,189,35,44,8,80T,40,2014
Chiefs,545,318,58.3,6.4,3252,22,6,86.4,184,33.8,41,7,48,46,2014
Jaguars,541,355,65.6,7.7,3899,24,6,99.1,200,37,60,7,73T,45,2014
Colts,543,320,58.9,7.2,3669,27,12,88.7,175,32.2,54,11,63T,41,2014
Texans,619,363,58.6,6.7,3890,28,20,80.4,206,33.3,50,12,80T,38,2014
Titans,545,347,63.7,7.3,3773,28,12,93.6,211,38.7,47,9,80,39,2014
Packers,564,333,59,6.9,3623,26,18,82,196,34.8,50,8,79,41,2014
Lions,592,383,64.7,6.8,3706,23,20,83,209,35.3,47,6,50,42,2014
Broncos,641,399,62.2,6,3607,29,18,82.4,219,34.2,41,4,81T,41,2014
Cowboys,558,371,66.5,7.5,4031,22,18,88.5,195,34.9,45,14,72,28,2014
Browns,587,335,57.1,6.4,3592,22,21,74.1,184,31.3,55,7,75T,31,2014
Bengals,608,365,60,6.6,3888,18,20,75.8,197,32.4,48,6,94T,20,2014
Bears,548,366,66.8,8.1,4230,34,14,101.7,227,41.4,65,13,73T,39,2014
Panthers,562,364,64.8,7,3645,25,14,89.5,193,34.3,46,5,81T,40,2014
Bills,559,337,60.3,6.4,3292,16,19,74.5,171,30.6,36,8,56T,54,2014
Ravens,595,382,64.2,7.3,3979,22,11,90.6,205,34.5,54,10,77T,49,2014
Falcons,566,359,63.4,8.2,4478,20,16,88.9,224,39.6,56,14,76T,22,2014
Redskins,566,354,62.5,7.8,4128,30,11,96.1,202,35.7,58,12,62T,38,2015
Buccaneers,540,378,70,7.5,3840,31,11,102.5,208,38.5,45,5,60T,38,2015
Seahawks,548,333,60.8,6.6,3364,14,14,78.1,175,31.9,49,5,69T,37,2015
49ers,549,375,68.3,8,4179,21,9,98.1,199,36.2,58,13,66T,28,2015
Chargers,510,328,64.3,7.9,3786,22,11,93.8,170,33.3,54,12,72T,32,2015
Steelers,625,402,64.3,7.5,4350,29,17,90.9,231,37,52,12,80T,48,2015
Cardinals,573,343,59.9,6.9,3687,24,19,80.9,177,30.9,56,14,88T,36,2015
Eagles,633,394,62.2,7.1,4273,36,15,92.8,239,37.8,55,9,59,37,2015
Jets,601,343,57.1,6.7,3763,25,18,79,185,30.8,59,11,72T,39,2015
Giants,638,423,66.3,7.7,4783,31,15,95.9,236,37,62,11,76T,23,2015
Saints,544,372,68.4,8.7,4544,45,9,116.2,223,41,64,17,90T,31,2015
Patriots,596,361,60.6,7.1,3851,24,12,87,204,34.2,57,9,87T,49,2015
Vikings,561,359,64,7.2,3759,24,13,90,189,33.7,47,10,72T,43,2015
Dolphins,542,350,64.6,7.8,4000,31,13,97.4,203,37.5,53,13,84T,31,2015
Raiders,641,404,63,6.8,4140,25,14,86.8,206,32.1,56,7,59,38,2015
Rams,597,399,66.8,7.2,4065,21,13,90.4,192,32.2,51,8,87T,41,2015
Chiefs,607,349,57.5,6.6,3698,25,22,76,193,31.8,46,9,55T,47,2015
Jaguars,602,390,64.8,7.5,4291,29,9,97.2,222,36.9,54,10,71T,36,2015
Colts,585,354,60.5,7.5,4114,29,17,88,210,35.9,64,12,80T,35,2015
Texans,553,326,59,6.6,3366,24,14,82.8,173,31.3,48,12,55,45,2015
Titans,502,319,63.5,7.9,3678,34,11,101.3,192,38.2,47,12,69T,39,2015
Packers,551,321,58.3,7.1,3642,20,16,80.1,183,33.2,46,14,68,43,2015
Lions,528,360,68.2,7.7,3786,27,9,100.9,191,36.2,59,11,61T,43,2015
Broncos,573,344,60,6.2,3193,19,14,78.8,162,28.3,41,5,80T,52,2015
Cowboys,506,330,65.2,7.6,3632,19,8,94.2,172,34,54,10,80T,31,2015
Browns,511,322,63,8.2,4012,34,11,101.8,186,36.4,52,16,75T,29,2015
Bengals,646,415,64.2,6.6,3976,18,21,78.9,202,31.3,39,6,64T,42,2015
Bears,512,322,62.9,7.5,3593,31,8,99.3,182,35.5,52,10,71T,35,2015
Panthers,650,390,60,6.2,3752,21,24,73.5,198,30.5,53,10,70T,44,2015
Bills,602,347,57.6,6.8,3972,30,17,83.3,197,32.7,59,11,77T,21,2015
Ravens,545,350,64.2,7.3,3737,30,6,99.6,189,34.7,51,10,80T,37,2015
Falcons,561,370,66,7.1,3882,19,15,86.9,197,35.1,50,5,74T,19,2015
Redskins,589,387,65.7,7.4,4130,22,13,91.1,225,38.2,53,8,54,38,2016
Buccaneers,548,347,63.3,7.7,4012,24,17,88.8,203,37,58,16,68,38,2016
Seahawks,537,331,61.6,7.2,3612,16,11,85,180,33.5,51,9,80T,42,2016
49ers,521,322,61.8,7.7,3848,30,10,96.9,187,35.9,59,12,78T,33,2016
Chargers,580,364,62.8,7.3,3987,21,18,83.8,204,35.2,53,8,64T,35,2016
Steelers,590,381,64.6,7,3882,20,13,87.3,184,31.2,40,10,95T,38,2016
Cardinals,547,344,62.9,6.8,3365,21,14,85.1,175,32,47,8,71,48,2016
Eagles,553,333,60.2,7.3,3832,25,16,85.7,177,32,57,13,80T,34,2016
Jets,545,347,63.7,7.5,3898,30,8,98.5,203,37.2,52,13,84T,27,2016
Giants,630,369,58.6,6.8,4018,15,17,75.8,191,30.3,59,12,71,35,2016
Saints,582,378,64.9,7.9,4380,27,9,98.1,230,39.5,48,9,66T,30,2016
Patriots,596,368,61.7,6.8,3806,21,13,84.4,190,31.9,53,5,66,34,2016
Vikings,548,332,60.6,6.6,3327,22,14,83,186,33.9,41,5,67,41,2016
Dolphins,591,368,62.3,6.9,3875,30,16,88.5,199,33.7,48,9,77T,33,2016
Raiders,541,328,60.6,7.9,4120,27,16,89.8,188,34.8,61,16,98T,25,2016
Rams,582,378,64.9,6.7,3732,32,10,95.5,194,33.3,41,6,64T,31,2016
Chiefs,598,350,58.5,6.9,3958,23,18,79.8,209,34.9,47,7,76T,28,2016
Jaguars,551,345,62.6,6.6,3444,20,7,88.5,174,31.6,40,12,64T,33,2016
Colts,582,378,64.9,7.6,4200,27,8,97.5,225,38.7,55,8,49,33,2016
Texans,522,319,61.1,6.6,3226,20,11,84.3,157,30.1,38,6,86T,31,2016
Titans,635,388,61.1,7.2,4307,25,12,88.3,227,35.7,56,12,58,40,2016
Packers,571,370,64.8,8.1,4308,32,17,95.9,227,39.8,58,11,73T,40,2016
Lions,549,399,72.7,7.5,3975,33,10,106.5,206,37.5,50,6,64,26,2016
Broncos,552,306,55.4,5.8,2972,13,14,69.7,169,30.6,32,4,80T,42,2016
Cowboys,633,425,67.1,6.9,4167,25,9,94.1,226,35.7,45,7,67T,36,2016
Browns,543,347,63.9,7.7,3996,36,10,101.8,220,40.5,52,12,63,26,2016
Bengals,593,374,63.1,6.7,3800,22,17,83.1,196,33.1,46,7,74T,33,2016
Bears,530,342,64.5,7.2,3598,22,8,93.5,188,35.5,50,8,60,37,2016
Panthers,612,409,66.8,7.5,4291,27,17,92,223,36.4,54,11,87T,47,2016
Bills,511,306,59.9,7.5,3582,19,12,85.9,183,35.8,46,11,66T,39,2016
Ravens,578,369,63.8,6.8,3724,28,18,86.9,190,32.9,50,8,79T,31,2016
Falcons,655,422,64.4,6.9,4267,31,12,92.5,232,35.4,53,5,58,34,2016
Redskins,531,306,57.6,7,3420,23,16,81,171,32.2,54,10,75T,42,2017
Buccaneers,549,371,67.6,7.8,4169,22,13,94.6,202,36.8,57,12,61T,22,2017
Seahawks,554,325,58.7,6.5,3347,19,14,79.1,181,32.7,44,5,75T,39,2017
49ers,544,344,63.2,7.2,3764,27,10,93.9,198,36.4,50,10,72T,30,2017
Chargers,524,329,62.8,6.5,3156,17,18,78.1,153,29.2,37,4,87T,43,2017
Steelers,499,297,59.5,7.2,3217,20,16,81.8,157,31.5,48,13,75T,56,2017
Cardinals,564,343,60.8,6.7,3541,24,15,83.9,187,33.2,44,8,72T,37,2017
Eagles,601,363,60.4,6.5,3637,24,19,79.5,177,29.5,40,10,77T,38,2017
Jets,558,329,59,7,3749,30,11,90.1,191,34.2,61,8,79T,28,2017
Giants,561,347,61.9,7.5,4038,32,13,94.2,189,33.7,54,13,83T,27,2017
Saints,554,329,59.4,7,3597,22,20,79,172,31,57,8,53T,42,2017
Patriots,590,367,62.2,7.3,4020,24,12,89.5,204,34.6,49,10,78T,42,2017
Vikings,555,324,58.4,6,3078,13,14,73,168,30.3,35,5,52,37,2017
Dolphins,528,339,64.2,7.2,3603,26,9,94.8,190,36,57,4,69T,30,2017
Raiders,530,361,68.1,7.6,3858,24,5,101.8,187,35.3,50,13,74,31,2017
Rams,555,324,58.4,6.8,3475,21,18,78.4,181,32.6,54,6,65T,48,2017
Chiefs,570,325,57,7.2,3952,23,16,81.5,204,35.8,53,14,69,31,2017
Jaguars,509,289,56.8,6,2718,17,21,68.5,143,28.1,40,12,74T,55,2017
Colts,513,320,62.4,8,3946,23,13,91.9,192,37.4,64,11,67,25,2017
Texans,501,321,64.1,8,3799,30,11,99.5,176,35.1,53,17,94T,32,2017
Titans,605,369,61,6.8,3828,27,12,87.8,231,38.2,37,7,80T,43,2017
Packers,513,348,67.8,7.9,3789,30,11,102,211,41.1,55,8,71T,37,2017
Lions,570,366,64.2,7.2,3892,21,19,84.1,205,36,45,8,97T,35,2017
Broncos,491,294,59.9,6.9,3210,29,10,91.9,166,33.8,47,6,64T,33,2017
Cowboys,559,371,66.4,6.7,3425,28,10,94.6,181,32.4,43,6,56T,38,2017
Browns,525,360,68.6,7.4,3684,28,7,102.3,189,36,48,7,61T,34,2017
Bengals,561,336,59.9,6.5,3379,20,11,82.9,173,30.8,45,8,72,41,2017
Bears,529,343,64.8,6.9,3376,18,8,89.9,180,34,36,8,88T,42,2017
Panthers,550,351,63.8,7.2,3665,25,10,92.9,187,34,49,8,70,50,2017
Bills,573,370,64.6,6.7,3688,14,18,78.9,199,34.7,42,3,77T,27,2017
Ravens,569,333,58.5,6.5,3421,18,22,72.4,179,31.5,48,7,57,41,2017
Falcons,553,362,65.5,6.7,3429,22,8,91.9,197,35.6,43,4,54T,39,2017
Redskins,537,362,67.4,7.6,3794,27,15,95.1,197,36.7,52,9,90T,46,2018
Buccaneers,534,387,72.5,8.2,4151,34,9,110.9,209,39.1,56,6,75T,38,2018
Seahawks,546,355,65,7.5,3842,26,12,94.3,201,36.8,58,8,75T,43,2018
49ers,542,344,63.5,7.3,3732,35,2,105.4,195,36,49,9,75T,37,2018
Chargers,548,351,64.1,7.1,3646,23,13,89.1,178,32.5,52,9,82T,38,2018
Steelers,566,362,64,7.1,3697,27,8,95.2,200,35.3,53,7,71,52,2018
Cardinals,506,342,67.6,7.1,3262,21,7,96.1,186,36.8,37,5,64T,49,2018
Eagles,626,417,66.6,7.4,4308,22,10,93.4,215,34.3,60,6,75T,44,2018
Jets,582,367,63.1,7.5,4065,29,13,93.1,201,34.5,58,11,70T,39,2018
Giants,560,362,64.6,7.6,4044,24,16,89.8,205,36.6,61,8,79T,30,2018
Saints,573,384,67,8.1,4302,30,12,100.3,224,39.1,57,14,75T,49,2018
Patriots,605,370,61.2,6.9,3943,29,18,85.4,208,34.4,57,9,75T,30,2018
Vikings,503,315,62.6,7,3140,15,12,83.3,160,31.8,43,10,70T,50,2018
Dolphins,508,335,65.9,8.2,3932,31,21,94.1,195,38.4,59,11,73T,31,2018
Raiders,480,299,62.3,8.2,3853,36,14,101,178,37.1,59,15,89T,13,2018
Rams,533,347,65.1,7.7,3780,31,18,93.8,185,34.7,59,14,73T,41,2018
Chiefs,632,406,64.2,7.5,4374,30,15,92.7,247,39.1,65,8,49,52,2018
Jaguars,499,312,62.5,6.7,3113,17,11,84.4,162,32.5,37,6,78T,37,2018
Colts,542,384,70.8,7.4,3805,21,15,93.5,203,37.5,41,4,80T,38,2018
Texans,594,385,64.8,7.5,4167,28,15,92.7,200,33.7,55,13,83T,43,2018
Titans,533,337,63.2,7,3471,21,11,88.4,182,34.1,48,7,75T,39,2018
Packers,527,336,63.8,7.7,3752,30,7,100.9,199,37.8,54,7,75T,44,2018
Lions,496,323,65.1,7.9,3599,29,7,102.7,191,38.5,50,10,82,43,2018
Broncos,549,353,64.3,7.7,3929,26,17,90.7,197,35.9,56,9,97T,44,2018
Cowboys,542,367,67.7,7.4,3755,22,9,95.7,193,35.6,43,7,53T,39,2018
Browns,626,393,62.8,7,4125,21,17,83.4,216,34.5,51,8,67,37,2018
Bengals,584,389,66.6,7.9,4414,32,12,100,221,37.8,60,13,72T,34,2018
Bears,615,377,61.3,6.3,3515,22,27,72.9,186,30.2,39,9,75T,50,2018
Panthers,529,353,66.7,7.7,3847,32,13,99.6,185,35,51,12,75T,35,2018
Bills,492,313,63.6,6.3,2867,22,16,82.6,157,31.9,36,2,43,36,2018
Ravens,577,337,58.4,6.3,3360,21,12,80.6,174,30.2,44,7,64,43,2018
Falcons,585,398,68,7.5,4153,33,15,98.3,226,38.6,46,7,58,37,2018
Redskins,540,371,68.7,7.6,3823,35,13,102.5,200,37,56,9,53T,46,2019
Buccaneers,664,408,61.4,7,4322,30,12,90,222,33.4,57,14,75T,47,2019
Seahawks,598,383,64,7.4,4223,19,16,85.6,224,37.5,53,6,58T,28,2019
49ers,519,318,61.3,5.9,2707,23,12,83,150,28.9,34,5,88T,48,2019
Chargers,464,328,70.7,7.3,3204,21,11,96.7,156,33.6,41,6,70T,30,2019
Steelers,514,314,61.1,6.7,3113,23,20,79.7,164,31.9,43,6,58T,54,2019
Cardinals,601,421,70,8,4510,38,7,109.9,243,40.4,72,7,57,40,2019
Eagles,571,348,60.9,7.2,3865,27,11,90.8,185,32.4,49,15,75T,43,2019
Jets,585,363,62.1,6.8,3779,25,12,88,187,32,51,7,89T,35,2019
Giants,556,369,66.4,8,4225,30,10,101.4,211,37.9,67,15,62,36,2019
Saints,603,371,61.5,7,3868,27,13,88.3,197,32.7,54,13,75T,51,2019
Patriots,536,303,56.5,6,2886,13,25,62.8,150,28,42,5,64T,47,2019
Vikings,601,394,65.6,6.8,3737,23,17,86.1,215,35.8,47,7,60T,48,2019
Dolphins,545,344,63.1,8,4198,39,13,101.9,214,39.3,68,6,83T,23,2019
Raiders,526,337,64.1,8.3,4107,33,9,103.8,201,38.2,68,16,91T,32,2019
Rams,562,348,61.9,7,3625,23,13,86.8,194,34.5,40,6,67T,50,2019
Chiefs,582,352,60.5,6.7,3543,21,16,80.8,190,32.6,46,7,69,45,2019
Jaguars,517,327,63.2,7.9,3778,22,10,93.9,193,37.3,60,12,84T,47,2019
Colts,562,394,70.1,7.5,3982,29,15,98,207,36.8,50,9,61T,41,2019
Texans,586,375,64,7.7,4276,33,12,97.6,220,37.5,58,12,65T,31,2019
Titans,598,386,64.5,7.3,4080,25,14,90.4,213,35.6,55,8,63T,43,2019
Packers,546,326,59.7,7.4,3721,19,17,81.1,191,35,56,15,66,41,2019
Lions,611,381,62.4,7.8,4551,33,7,99.6,232,38,72,10,66,28,2019
Broncos,537,348,64.8,7.1,3609,19,10,89.8,175,32.6,46,11,75,40,2019
Cowboys,569,370,65,6.8,3576,21,7,91.9,188,33,55,5,92T,39,2019
Browns,513,318,62,7.3,3470,25,14,89,184,35.9,48,8,75T,38,2019
Bengals,499,308,61.7,8.3,3917,25,11,95.4,183,36.7,70,12,79T,31,2019
Bears,571,362,63.4,6.6,3554,17,10,85.2,190,33.3,40,7,75T,32,2019
Panthers,544,347,63.8,7.3,3696,21,14,88,197,36.2,53,7,93T,53,2019
Bills,553,348,62.9,6.2,3123,15,14,78.8,169,30.6,34,4,61T,44,2019
Ravens,544,318,58.5,6.6,3315,15,13,77.5,163,30,47,9,83T,37,2019
Falcons,536,351,65.5,7.7,3918,28,12,96.9,192,35.8,56,9,71T,28,2019
