Team,FF,FR,FR TD,Rec FUM,Rush FUM,Year,INT,INT TD,INT Yds,Lng
Redskins,0,0,0,0,0,1971,29,5,480,0
49ers,0,0,0,0,0,1971,14,0,186,0
Chargers,0,0,0,0,0,1971,22,2,317,0
Steelers,0,0,0,0,0,1971,17,1,246,0
Cardinals,0,0,0,0,0,1971,17,1,191,0
Eagles,0,0,0,0,0,1971,22,1,374,0
Jets,0,0,0,0,0,1971,13,0,136,0
Giants,0,0,0,0,0,1971,15,1,227,0
Saints,0,0,0,0,0,1971,20,1,342,0
Patriots,0,0,0,0,0,1971,15,2,229,0
Vikings,0,0,0,0,0,1971,27,1,572,0
Dolphins,0,0,0,0,0,1971,17,0,143,0
Raiders,0,0,0,0,0,1971,23,2,453,0
Rams,0,0,0,0,0,1971,27,2,452,0
Chiefs,0,0,0,0,0,1971,27,3,403,0
Colts,0,0,0,0,0,1971,28,1,367,0
Oilers,0,0,0,0,0,1971,23,5,456,0
Packers,0,0,0,0,0,1971,16,0,205,0
Lions,0,0,0,0,0,1971,22,3,295,0
Broncos,0,0,0,0,0,1971,20,1,288,0
Cowboys,0,0,0,0,0,1971,26,0,402,0
Browns,0,0,0,0,0,1971,24,0,283,0
Bengals,0,0,0,0,0,1971,27,2,273,0
Bears,0,0,0,0,0,1971,22,0,267,0
Bills,0,0,0,0,0,1971,11,0,93,0
Falcons,0,0,0,0,0,1971,20,1,180,0
Redskins,0,0,0,0,0,1972,17,1,287,0
49ers,0,0,0,0,0,1972,19,3,146,0
Chargers,0,0,0,0,0,1972,24,1,310,0
Steelers,0,0,0,0,0,1972,28,1,395,0
Cardinals,0,0,0,0,0,1972,11,0,118,0
Eagles,0,0,0,0,0,1972,19,0,164,0
Jets,0,0,0,0,0,1972,19,0,282,0
Giants,0,0,0,0,0,1972,23,2,205,0
Saints,0,0,0,0,0,1972,14,0,141,0
Patriots,0,0,0,0,0,1972,10,0,223,0
Vikings,0,0,0,0,0,1972,26,2,365,0
Dolphins,0,0,0,0,0,1972,26,1,286,0
Raiders,0,0,0,0,0,1972,25,1,328,0
Rams,0,0,0,0,0,1972,16,1,251,0
Chiefs,0,0,0,0,0,1972,24,5,396,0
Colts,0,0,0,0,0,1972,23,1,331,0
Oilers,0,0,0,0,0,1972,6,0,93,0
Packers,0,0,0,0,0,1972,17,1,223,0
Lions,0,0,0,0,0,1972,12,1,184,0
Broncos,0,0,0,0,0,1972,10,0,109,0
Cowboys,0,0,0,0,0,1972,16,1,213,0
Browns,0,0,0,0,0,1972,13,1,154,0
Bengals,0,0,0,0,0,1972,20,3,326,0
Bears,0,0,0,0,0,1972,21,0,193,0
Bills,0,0,0,0,0,1972,23,3,369,0
Falcons,0,0,0,0,0,1972,18,1,205,0
Redskins,0,0,0,0,0,1973,26,4,598,0
49ers,0,0,0,0,0,1973,17,0,134,0
Chargers,0,0,0,0,0,1973,16,1,205,0
Steelers,0,0,0,0,0,1973,37,3,673,0
Cardinals,0,0,0,0,0,1973,10,0,71,0
Eagles,0,0,0,0,0,1973,15,1,120,0
Jets,0,0,0,0,0,1973,19,2,288,0
Giants,0,0,0,0,0,1973,20,0,214,0
Saints,0,0,0,0,0,1973,16,0,126,0
Patriots,0,0,0,0,0,1973,13,0,105,0
Vikings,0,0,0,0,0,1973,21,2,263,0
Dolphins,0,0,0,0,0,1973,21,2,335,0
Raiders,0,0,0,0,0,1973,17,0,162,0
Rams,0,0,0,0,0,1973,20,1,300,0
Chiefs,0,0,0,0,0,1973,21,1,328,0
Colts,0,0,0,0,0,1973,15,1,116,0
Oilers,0,0,0,0,0,1973,17,0,298,0
Packers,0,0,0,0,0,1973,15,3,220,0
Lions,0,0,0,0,0,1973,22,1,522,0
Broncos,0,0,0,0,0,1973,14,2,220,0
Cowboys,0,0,0,0,0,1973,18,2,300,0
Browns,0,0,0,0,0,1973,12,1,202,0
Bengals,0,0,0,0,0,1973,18,0,166,0
Bears,0,0,0,0,0,1973,14,0,176,0
Bills,0,0,0,0,0,1973,14,1,224,0
Falcons,0,0,0,0,0,1973,22,2,528,0
Redskins,0,0,0,0,0,1974,25,2,328,0
49ers,0,0,0,0,0,1974,20,1,247,0
Chargers,0,0,0,0,0,1974,15,0,273,0
Steelers,0,0,0,0,0,1974,25,2,320,0
Cardinals,0,0,0,0,0,1974,16,2,372,0
Eagles,0,0,0,0,0,1974,18,1,176,0
Jets,0,0,0,0,0,1974,17,2,278,0
Giants,0,0,0,0,0,1974,15,0,91,0
Saints,0,0,0,0,0,1974,16,1,179,0
Patriots,0,0,0,0,0,1974,24,2,294,0
Vikings,0,0,0,0,0,1974,22,0,282,0
Dolphins,0,0,0,0,0,1974,16,0,139,0
Raiders,0,0,0,0,0,1974,27,1,378,0
Rams,0,0,0,0,0,1974,22,2,340,0
Chiefs,0,0,0,0,0,1974,28,5,531,0
Colts,0,0,0,0,0,1974,10,0,87,0
Oilers,0,0,0,0,0,1974,21,1,313,0
Packers,0,0,0,0,0,1974,23,1,278,0
Lions,0,0,0,0,0,1974,17,2,266,0
Broncos,0,0,0,0,0,1974,22,1,311,0
Cowboys,0,0,0,0,0,1974,13,0,110,0
Browns,0,0,0,0,0,1974,24,2,336,0
Bengals,0,0,0,0,0,1974,9,0,110,0
Bears,0,0,0,0,0,1974,18,0,293,0
Bills,0,0,0,0,0,1974,20,2,413,0
Falcons,0,0,0,0,0,1974,17,1,210,0
Redskins,0,0,0,0,0,1975,18,0,335,57
49ers,0,0,0,0,0,1975,11,1,138,37T
Chargers,0,0,0,0,0,1975,20,0,223,45
Steelers,0,0,0,0,0,1975,27,0,421,65
Cardinals,0,0,0,0,0,1975,22,1,249,61T
Eagles,0,0,0,0,0,1975,26,2,344,89T
Jets,0,0,0,0,0,1975,15,0,98,18
Giants,0,0,0,0,0,1975,16,0,117,38
Saints,0,0,0,0,0,1975,16,0,305,46
Patriots,0,0,0,0,0,1975,13,1,165,54
Vikings,0,0,0,0,0,1975,28,0,404,81
Dolphins,0,0,0,0,0,1975,21,0,183,38
Raiders,0,0,0,0,0,1975,35,0,450,57
Rams,0,0,0,0,0,1975,22,2,372,76T
Chiefs,0,0,0,0,0,1975,20,0,388,61
Colts,0,0,0,0,0,1975,29,4,493,50
Oilers,0,0,0,0,0,1975,24,0,425,74
Packers,0,0,0,0,0,1975,14,0,174,61
Lions,0,0,0,0,0,1975,20,1,315,67T
Broncos,0,0,0,0,0,1975,16,1,293,49
Cowboys,0,0,0,0,0,1975,25,3,346,38
Browns,0,0,0,0,0,1975,10,1,107,56T
Bengals,0,0,0,0,0,1975,22,2,410,52T
Bears,0,0,0,0,0,1975,13,2,241,76T
Bills,0,0,0,0,0,1975,25,2,376,58
Falcons,0,0,0,0,0,1975,25,2,342,87T
Redskins,0,0,0,0,0,1976,26,0,190,32
Buccaneers,0,0,0,0,0,1976,9,0,99,26
Seahawks,0,0,0,0,0,1976,15,1,218,40T
49ers,0,0,0,0,0,1976,9,0,93,30
Chargers,0,0,0,0,0,1976,20,1,299,37T
Steelers,0,0,0,0,0,1976,22,0,262,55
Cardinals,0,0,0,0,0,1976,19,1,243,38
Eagles,0,0,0,0,0,1976,9,0,195,52
Jets,0,0,0,0,0,1976,11,0,146,31
Giants,0,0,0,0,0,1976,12,0,62,11
Saints,0,0,0,0,0,1976,12,3,212,83T
Patriots,0,0,0,0,0,1976,23,3,505,68T
Vikings,0,0,0,0,0,1976,19,0,213,41
Dolphins,0,0,0,0,0,1976,11,0,144,40
Raiders,0,0,0,0,0,1976,16,0,128,23
Rams,0,0,0,0,0,1976,32,3,376,46T
Chiefs,0,0,0,0,0,1976,23,0,161,29
Colts,0,0,0,0,0,1976,15,0,211,41
Oilers,0,0,0,0,0,1976,11,0,176,50
Packers,0,0,0,0,0,1976,11,2,197,67
Lions,0,0,0,0,0,1976,24,3,445,76
Broncos,0,0,0,0,0,1976,24,4,452,65
Cowboys,0,0,0,0,0,1976,16,0,133,29
Browns,0,0,0,0,0,1976,21,1,234,39
Bengals,0,0,0,0,0,1976,26,3,330,53T
Bears,0,0,0,0,0,1976,24,2,215,37T
Bills,0,0,0,0,0,1976,19,1,293,101T
Falcons,0,0,0,0,0,1976,18,0,207,42
Redskins,0,0,0,0,0,1977,21,0,188,31
Buccaneers,0,0,0,0,0,1977,23,3,368,45T
Seahawks,0,0,0,0,0,1977,25,1,356,57
49ers,0,0,0,0,0,1977,8,0,133,50
Chargers,0,0,0,0,0,1977,21,2,317,37
Steelers,0,0,0,0,0,1977,31,0,374,51
Cardinals,0,0,0,0,0,1977,19,1,267,79T
Eagles,0,0,0,0,0,1977,21,0,300,45
Jets,0,0,0,0,0,1977,11,1,153,45
Giants,0,0,0,0,0,1977,12,2,179,54T
Saints,0,0,0,0,0,1977,10,1,83,57T
Patriots,0,0,0,0,0,1977,19,0,194,48
Vikings,0,0,0,0,0,1977,16,0,109,41
Dolphins,0,0,0,0,0,1977,15,0,124,27
Raiders,0,0,0,0,0,1977,26,0,352,41
Rams,0,0,0,0,0,1977,25,1,472,42
Chiefs,0,0,0,0,0,1977,21,2,348,102T
Colts,0,0,0,0,0,1977,30,0,434,37
Oilers,0,0,0,0,0,1977,26,1,429,95T
Packers,0,0,0,0,0,1977,13,1,89,29T
Lions,0,0,0,0,0,1977,19,1,319,48T
Broncos,0,0,0,0,0,1977,25,2,491,73T
Cowboys,0,0,0,0,0,1977,21,1,229,79T
Browns,0,0,0,0,0,1977,23,3,430,53T
Bengals,0,0,0,0,0,1977,16,2,238,54T
Bears,0,0,0,0,0,1977,18,0,138,29
Bills,0,0,0,0,0,1977,21,1,329,47
Falcons,0,0,0,0,0,1977,26,2,462,72T
Redskins,0,0,0,0,0,1978,22,0,189,39
Buccaneers,0,0,0,0,0,1978,29,0,312,31
Seahawks,0,0,0,0,0,1978,22,1,193,44
49ers,0,0,0,0,0,1978,18,1,283,32
Chargers,0,0,0,0,0,1978,22,2,191,52T
Steelers,0,0,0,0,0,1978,27,0,289,65
Cardinals,0,0,0,0,0,1978,26,0,249,33
Eagles,0,0,0,0,0,1978,28,2,271,50
Jets,0,0,0,0,0,1978,23,1,389,53
Giants,0,0,0,0,0,1978,21,1,438,52
Saints,0,0,0,0,0,1978,21,1,319,97T
Patriots,0,0,0,0,0,1978,22,1,358,50
Vikings,0,0,0,0,0,1978,22,0,192,30
Dolphins,0,0,0,0,0,1978,32,2,458,53T
Raiders,0,0,0,0,0,1978,28,1,407,52
Rams,0,0,0,0,0,1978,28,5,427,44T
Chiefs,0,0,0,0,0,1978,21,0,274,61
Colts,0,0,0,0,0,1978,17,2,249,79T
Oilers,0,0,0,0,0,1978,17,0,199,38
Packers,0,0,0,0,0,1978,27,2,344,77T
Lions,0,0,0,0,0,1978,22,1,292,76T
Broncos,0,0,0,0,0,1978,31,1,307,38
Cowboys,0,0,0,0,0,1978,23,0,316,56
Browns,0,0,0,0,0,1978,27,1,353,46
Bengals,0,0,0,0,0,1978,20,3,319,64
Bears,0,0,0,0,0,1978,17,1,216,60T
Bills,0,0,0,0,0,1978,14,1,290,85T
Falcons,0,0,0,0,0,1978,12,0,159,44
Redskins,0,0,0,0,0,1979,26,1,250,31T
Buccaneers,0,0,0,0,0,1979,14,1,238,72
Seahawks,0,0,0,0,0,1979,17,1,284,91T
49ers,0,0,0,0,0,1979,15,0,171,54
Chargers,0,0,0,0,0,1979,28,2,562,77T
Steelers,0,0,0,0,0,1979,27,1,200,51
Cardinals,0,0,0,0,0,1979,18,1,288,78
Eagles,0,0,0,0,0,1979,22,0,266,50
Jets,0,0,0,0,0,1979,21,2,239,58T
Giants,0,0,0,0,0,1979,21,1,165,31T
Saints,0,0,0,0,0,1979,26,2,351,53
Patriots,0,0,0,0,0,1979,20,1,352,35T
Vikings,0,0,0,0,0,1979,22,0,351,52
Dolphins,0,0,0,0,0,1979,23,0,285,56
Raiders,0,0,0,0,0,1979,24,3,313,52T
Rams,0,0,0,0,0,1979,25,2,355,36
Chiefs,0,0,0,0,0,1979,23,1,437,70T
Colts,0,0,0,0,0,1979,23,1,382,68
Oilers,0,0,0,0,0,1979,34,1,618,66
Packers,0,0,0,0,0,1979,18,0,243,46
Lions,0,0,0,0,0,1979,14,1,73,36T
Broncos,0,0,0,0,0,1979,19,0,189,34
Cowboys,0,0,0,0,0,1979,13,0,193,68
Browns,0,0,0,0,0,1979,16,1,278,39T
Bengals,0,0,0,0,0,1979,20,1,260,96T
Bears,0,0,0,0,0,1979,29,2,402,66T
Bills,0,0,0,0,0,1979,24,2,370,50T
Falcons,0,0,0,0,0,1979,15,2,224,39T
Redskins,0,0,0,0,0,1980,33,1,319,51T
Buccaneers,0,0,0,0,0,1980,15,1,179,55T
Seahawks,0,0,0,0,0,1980,23,0,95,24
49ers,0,0,0,0,0,1980,17,0,186,44
Chargers,0,0,0,0,0,1980,20,2,270,68T
Steelers,0,0,0,0,0,1980,26,0,260,67
Cardinals,0,0,0,0,0,1980,20,1,327,70T
Eagles,0,0,0,0,0,1980,25,0,170,41
Jets,0,0,0,0,0,1980,23,2,293,82T
Giants,0,0,0,0,0,1980,18,0,113,28
Saints,0,0,0,0,0,1980,12,0,196,48
Patriots,0,0,0,0,0,1980,24,1,288,42T
Vikings,0,0,0,0,0,1980,24,2,296,67T
Dolphins,0,0,0,0,0,1980,28,0,198,44
Raiders,0,0,0,0,0,1980,35,2,501,62
Rams,0,0,0,0,0,1980,25,4,546,99T
Chiefs,0,0,0,0,0,1980,28,2,364,47T
Colts,0,0,0,0,0,1980,17,1,310,60
Oilers,0,0,0,0,0,1980,26,0,313,42
Packers,0,0,0,0,0,1980,13,0,92,21
Lions,0,0,0,0,0,1980,23,1,168,29T
Broncos,0,0,0,0,0,1980,16,2,343,93T
Cowboys,0,0,0,0,0,1980,27,3,523,78T
Browns,0,0,0,0,0,1980,22,0,266,53
Bengals,0,0,0,0,0,1980,20,2,255,52T
Bears,0,0,0,0,0,1980,17,1,162,36T
Bills,0,0,0,0,0,1980,24,2,334,50T
Falcons,0,0,0,0,0,1980,26,0,313,52
Redskins,0,0,0,0,0,1981,24,2,249,52T
Buccaneers,0,0,0,0,0,1981,32,4,648,82T
Seahawks,0,0,0,0,0,1981,21,3,397,82T
49ers,0,0,0,0,0,1981,27,4,448,72
Chargers,0,0,0,0,0,1981,23,1,224,39
Steelers,0,0,0,0,0,1981,30,1,376,50T
Cardinals,0,0,0,0,0,1981,21,1,281,47
Eagles,0,0,0,0,0,1981,26,0,266,35
Jets,0,0,0,0,0,1981,21,2,432,67
Giants,0,0,0,0,0,1981,17,1,222,32T
Saints,0,0,0,0,0,1981,17,0,214,54
Patriots,0,0,0,0,0,1981,16,0,195,49
Vikings,0,0,0,0,0,1981,16,0,120,28
Dolphins,0,0,0,0,0,1981,18,0,254,39
Raiders,0,0,0,0,0,1981,13,1,97,34
Rams,0,0,0,0,0,1981,17,0,237,94
Chiefs,0,0,0,0,0,1981,26,1,406,46T
Colts,0,0,0,0,0,1981,16,0,210,49
Oilers,0,0,0,0,0,1981,18,0,330,38
Packers,0,0,0,0,0,1981,30,1,495,53
Lions,0,0,0,0,0,1981,24,1,286,60T
Broncos,0,0,0,0,0,1981,23,0,342,65
Cowboys,0,0,0,0,0,1981,37,0,482,96
Browns,0,0,0,0,0,1981,15,0,165,45
Bengals,0,0,0,0,0,1981,19,1,318,102T
Bears,0,0,0,0,0,1981,18,3,345,92T
Bills,0,0,0,0,0,1981,19,0,352,53
Falcons,0,0,0,0,0,1981,25,3,494,101T
Redskins,0,0,0,0,0,1982,11,0,85,26
Buccaneers,0,0,0,0,0,1982,11,0,139,51
Seahawks,0,0,0,0,0,1982,13,1,160,44
49ers,0,0,0,0,0,1982,9,1,150,83T
Chargers,0,0,0,0,0,1982,13,0,148,35
Steelers,0,0,0,0,0,1982,17,0,127,30
Cardinals,0,0,0,0,0,1982,6,0,52,35
Eagles,0,0,0,0,0,1982,15,1,42,20T
Jets,0,0,0,0,0,1982,17,1,261,77T
Giants,0,0,0,0,0,1982,12,1,205,97T
Saints,0,0,0,0,0,1982,9,0,108,32
Patriots,0,0,0,0,0,1982,12,1,176,99T
Vikings,0,0,0,0,0,1982,12,1,91,33T
Dolphins,0,0,0,0,0,1982,19,2,281,36
Raiders,0,0,0,0,0,1982,18,3,356,60
Rams,0,0,0,0,0,1982,11,0,106,33
Chiefs,0,0,0,0,0,1982,12,3,208,56T
Colts,0,0,0,0,0,1982,5,1,150,94T
Oilers,0,0,0,0,0,1982,3,0,47,31
Packers,0,0,0,0,0,1982,12,0,174,40
Lions,0,0,0,0,0,1982,18,1,154,36
Broncos,0,0,0,0,0,1982,12,0,106,29
Cowboys,0,0,0,0,0,1982,15,1,163,60T
Browns,0,0,0,0,0,1982,17,1,102,24
Bengals,0,0,0,0,0,1982,14,2,240,62T
Bears,0,0,0,0,0,1982,13,1,99,39T
Bills,0,0,0,0,0,1982,13,0,122,24
Falcons,0,0,0,0,0,1982,10,0,90,30
Redskins,0,0,0,0,0,1983,34,1,437,70T
Buccaneers,0,0,0,0,0,1983,23,3,367,69T
Seahawks,0,0,0,0,0,1983,26,2,363,73T
49ers,0,0,0,0,0,1983,24,5,437,62T
Chargers,0,0,0,0,0,1983,16,1,153,40T
Steelers,0,0,0,0,0,1983,28,4,435,70T
Cardinals,0,0,0,0,0,1983,28,0,266,30
Eagles,0,0,0,0,0,1983,8,0,79,32
Jets,0,0,0,0,0,1983,22,3,342,43T
Giants,0,0,0,0,0,1983,23,1,210,30T
Saints,0,0,0,0,0,1983,23,3,412,70T
Patriots,0,0,0,0,0,1983,17,1,202,46
Vikings,0,0,0,0,0,1983,25,0,168,31
Dolphins,0,0,0,0,0,1983,26,3,345,45
Raiders,0,0,0,0,0,1983,20,2,238,40T
Rams,0,0,0,0,0,1983,24,3,515,60T
Chiefs,0,0,0,0,0,1983,30,2,482,58T
Colts,0,0,0,0,0,1983,20,1,314,71T
Oilers,0,0,0,0,0,1983,14,0,135,44
Packers,0,0,0,0,0,1983,19,1,227,46
Lions,0,0,0,0,0,1983,22,0,185,70
Broncos,0,0,0,0,0,1983,27,0,355,48
Cowboys,0,0,0,0,0,1983,27,2,467,68T
Browns,0,0,0,0,0,1983,22,2,296,65T
Bengals,0,0,0,0,0,1983,23,4,369,55T
Bears,0,0,0,0,0,1983,21,2,215,56
Bills,0,0,0,0,0,1983,13,1,154,29
Falcons,0,0,0,0,0,1983,15,2,212,38
Redskins,0,0,0,0,0,1984,21,4,391,50
Buccaneers,0,0,0,0,0,1984,18,1,308,38
Seahawks,0,0,0,0,0,1984,38,7,697,90T
49ers,0,0,0,0,0,1984,25,2,345,54T
Chargers,0,0,0,0,0,1984,19,4,499,99T
Steelers,0,0,0,0,0,1984,31,4,433,69T
Cardinals,0,0,0,0,0,1984,21,1,163,25T
Eagles,0,0,0,0,0,1984,20,0,287,33
Jets,0,0,0,0,0,1984,15,0,152,28
Giants,0,0,0,0,0,1984,19,0,182,29
Saints,0,0,0,0,0,1984,13,3,213,47T
Patriots,0,0,0,0,0,1984,17,0,210,85
Vikings,0,0,0,0,0,1984,11,1,120,53T
Dolphins,0,0,0,0,0,1984,24,2,478,86T
Raiders,0,0,0,0,0,1984,20,2,339,97T
Rams,0,0,0,0,0,1984,17,3,399,81T
Chiefs,0,0,0,0,0,1984,30,2,465,71T
Colts,0,0,0,0,0,1984,18,1,190,59T
Oilers,0,0,0,0,0,1984,13,0,139,26
Packers,0,0,0,0,0,1984,27,2,338,99T
Lions,0,0,0,0,0,1984,14,0,87,36
Broncos,0,0,0,0,0,1984,31,4,510,63
Cowboys,0,0,0,0,0,1984,28,2,297,43
Browns,0,0,0,0,0,1984,20,0,236,47
Bengals,0,0,0,0,0,1984,25,4,368,70
Bears,0,0,0,0,0,1984,21,1,290,61
Bills,0,0,0,0,0,1984,16,0,233,55
Falcons,0,0,0,0,0,1984,12,1,147,35T
Redskins,0,0,0,0,0,1985,23,0,220,36
Buccaneers,0,0,0,0,0,1985,18,0,146,25
Seahawks,0,0,0,0,0,1985,24,3,272,75T
49ers,0,0,0,0,0,1985,18,1,310,82
Chargers,0,0,0,0,0,1985,26,2,461,75T
Steelers,0,0,0,0,0,1985,20,1,211,35T
Cardinals,0,0,0,0,0,1985,13,1,240,67
Eagles,0,0,0,0,0,1985,18,2,125,26
Jets,0,0,0,0,0,1985,22,1,127,24
Giants,0,0,0,0,0,1985,24,2,339,56T
Saints,0,0,0,0,0,1985,21,2,312,53
Patriots,0,0,0,0,0,1985,23,1,427,83
Vikings,0,0,0,0,0,1985,22,1,283,63
Dolphins,0,0,0,0,0,1985,23,1,265,61T
Raiders,0,0,0,0,0,1985,17,3,235,76T
Rams,0,0,0,0,0,1985,29,4,359,46
Chiefs,0,0,0,0,0,1985,27,1,298,47T
Colts,0,0,0,0,0,1985,16,0,75,29
Oilers,0,0,0,0,0,1985,15,0,144,55
Packers,0,0,0,0,0,1985,15,2,262,80T
Lions,0,0,0,0,0,1985,18,0,136,22
Broncos,0,0,0,0,0,1985,24,1,290,42T
Cowboys,0,0,0,0,0,1985,33,4,263,65T
Browns,0,0,0,0,0,1985,18,1,254,40
Bengals,0,0,0,0,0,1985,19,2,283,57T
Bears,0,0,0,0,0,1985,34,4,512,90
Bills,0,0,0,0,0,1985,20,0,225,41
Falcons,0,0,0,0,0,1985,22,1,247,47
Redskins,0,0,0,0,0,1986,19,0,126,31
Buccaneers,0,0,0,0,0,1986,13,0,128,57
Seahawks,0,0,0,0,0,1986,22,1,216,25
49ers,0,0,0,0,0,1986,39,5,578,88T
Chargers,0,0,0,0,0,1986,15,1,274,50
Steelers,0,0,0,0,0,1986,20,1,218,67T
Cardinals,0,0,0,0,0,1986,10,0,121,35
Eagles,0,0,0,0,0,1986,23,0,124,21
Jets,0,0,0,0,0,1986,20,0,164,29
Giants,0,0,0,0,0,1986,24,1,296,78T
Saints,0,0,0,0,0,1986,26,1,235,43
Patriots,0,0,0,0,0,1986,21,1,312,69
Vikings,0,0,0,0,0,1986,24,2,319,59T
Dolphins,0,0,0,0,0,1986,13,0,152,36
Raiders,0,0,0,0,0,1986,26,1,275,32T
Rams,0,0,0,0,0,1986,28,3,458,80T
Chiefs,0,0,0,0,0,1986,31,4,567,72T
Colts,0,0,0,0,0,1986,16,0,166,80
Oilers,0,0,0,0,0,1986,16,0,100,38
Packers,0,0,0,0,0,1986,20,1,147,58T
Lions,0,0,0,0,0,1986,22,0,190,36
Broncos,0,0,0,0,0,1986,18,2,318,56
Cowboys,0,0,0,0,0,1986,17,1,183,34T
Browns,0,0,0,0,0,1986,18,0,184,33
Bengals,0,0,0,0,0,1986,17,1,146,36T
Bears,0,0,0,0,0,1986,31,1,370,58T
Bills,0,0,0,0,0,1986,10,0,89,41
Falcons,0,0,0,0,0,1986,22,2,294,41
Redskins,0,0,0,0,0,1987,23,1,329,100T
Buccaneers,0,0,0,0,0,1987,16,2,248,42
Seahawks,0,0,0,0,0,1987,17,1,289,53
49ers,0,0,0,0,0,1987,25,0,205,34
Chargers,0,0,0,0,0,1987,13,2,291,103T
Steelers,0,0,0,0,0,1987,27,5,336,50T
Cardinals,0,0,0,0,0,1987,14,1,167,60T
Eagles,0,0,0,0,0,1987,21,0,197,63
Jets,0,0,0,0,0,1987,18,0,239,45
Giants,0,0,0,0,0,1987,20,1,263,70T
Saints,0,0,0,0,0,1987,30,0,280,35
Patriots,0,0,0,0,0,1987,21,2,307,51
Vikings,0,0,0,0,0,1987,26,0,303,36
Dolphins,0,0,0,0,0,1987,16,0,135,44
Raiders,0,0,0,0,0,1987,13,2,178,58
Rams,0,0,0,0,0,1987,16,2,305,49
Chiefs,0,0,0,0,0,1987,11,0,140,40
Colts,0,0,0,0,0,1987,20,0,212,68
Oilers,0,0,0,0,0,1987,23,1,274,73T
Packers,0,0,0,0,0,1987,18,0,220,73
Lions,0,0,0,0,0,1987,19,1,290,48
Broncos,0,0,0,0,0,1987,28,2,403,52T
Cowboys,0,0,0,0,0,1987,23,2,208,30
Browns,0,0,0,0,0,1987,23,2,366,76
Bengals,0,0,0,0,0,1987,14,0,187,44
Bears,0,0,0,0,0,1987,13,2,69,23T
Bills,0,0,0,0,0,1987,17,0,93,23
Falcons,0,0,0,0,0,1987,15,0,182,40
Redskins,0,0,0,0,0,1988,14,0,193,43
Buccaneers,0,0,0,0,0,1988,21,1,283,58
Seahawks,0,0,0,0,0,1988,22,1,280,34
49ers,0,0,0,0,0,1988,22,0,88,44
Chargers,0,0,0,0,0,1988,16,1,179,55T
Steelers,0,0,0,0,0,1988,20,2,381,78T
Cardinals,0,0,0,0,0,1988,16,0,88,18
Eagles,0,0,0,0,0,1988,32,0,371,38
Jets,0,0,0,0,0,1988,24,3,228,55T
Giants,0,0,0,0,0,1988,15,2,292,66
Saints,0,0,0,0,0,1988,17,0,295,44
Patriots,0,0,0,0,0,1988,20,0,244,42
Vikings,0,0,0,0,0,1988,36,5,589,94T
Dolphins,0,0,0,0,0,1988,16,0,219,52
Raiders,0,0,0,0,0,1988,17,1,278,86T
Rams,0,0,0,0,0,1988,22,1,281,47T
Chiefs,0,0,0,0,0,1988,18,0,166,32
Colts,0,0,0,0,0,1988,15,1,189,41T
Oilers,0,0,0,0,0,1988,22,2,302,51
Packers,0,0,0,0,0,1988,20,0,224,33
Lions,0,0,0,0,0,1988,15,2,247,90T
Broncos,0,0,0,0,0,1988,16,0,200,39
Cowboys,0,0,0,0,0,1988,10,1,67,29
Browns,0,0,0,0,0,1988,20,1,319,75T
Bengals,0,0,0,0,0,1988,22,1,181,37
Bears,0,0,0,0,0,1988,26,0,237,46
Bills,0,0,0,0,0,1988,15,1,244,78T
Falcons,0,0,0,0,0,1988,24,1,185,47T
Redskins,0,0,0,0,0,1989,27,3,284,59T
Buccaneers,0,0,0,0,0,1989,21,2,234,68T
Seahawks,0,0,0,0,0,1989,9,0,57,20
49ers,0,0,0,0,0,1989,21,0,262,42
Chargers,0,0,0,0,0,1989,25,0,224,34
Steelers,0,0,0,0,0,1989,21,0,261,39
Cardinals,0,0,0,0,0,1989,16,2,275,53T
Eagles,0,0,0,0,0,1989,30,2,375,60T
Jets,0,0,0,0,0,1989,15,2,261,92T
Giants,0,0,0,0,0,1989,22,2,330,58T
Saints,0,0,0,0,0,1989,21,2,226,63T
Patriots,0,0,0,0,0,1989,16,1,118,28
Vikings,0,0,0,0,0,1989,18,2,264,90T
Dolphins,0,0,0,0,0,1989,15,0,126,28
Raiders,0,0,0,0,0,1989,18,3,362,87T
Rams,0,0,0,0,0,1989,21,3,372,81T
Chiefs,0,0,0,0,0,1989,15,0,133,27
Colts,0,0,0,0,0,1989,21,2,391,80T
Oilers,0,0,0,0,0,1989,21,0,263,48
Packers,0,0,0,0,0,1989,25,0,232,53
Lions,0,0,0,0,0,1989,16,1,107,36
Broncos,0,0,0,0,0,1989,21,2,318,50
Cowboys,0,0,0,0,0,1989,7,0,37,18
Browns,0,0,0,0,0,1989,27,4,300,36T
Bengals,0,0,0,0,0,1989,21,1,204,28
Bears,0,0,0,0,0,1989,26,1,268,43
Bills,0,0,0,0,0,1989,23,1,269,43
Falcons,0,0,0,0,0,1989,20,0,285,40
Redskins,0,0,0,0,0,1990,21,2,271,61
Buccaneers,0,0,0,0,0,1990,25,3,487,65T
Seahawks,0,0,0,0,0,1990,12,0,182,47
49ers,0,0,0,0,0,1990,17,0,171,28
Chargers,0,0,0,0,0,1990,19,0,188,67
Steelers,0,0,0,0,0,1990,24,1,385,59
Cardinals,0,0,0,0,0,1990,16,2,274,47T
Eagles,0,0,0,0,0,1990,19,3,271,42
Jets,0,0,0,0,0,1990,18,0,205,39
Giants,0,0,0,0,0,1990,23,2,116,40
Saints,0,0,0,0,0,1990,8,1,158,50T
Patriots,0,0,0,0,0,1990,14,0,194,73
Vikings,0,0,0,0,0,1990,22,2,358,73
Dolphins,0,0,0,0,0,1990,19,2,288,42T
Raiders,0,0,0,0,0,1990,13,1,102,31
Rams,0,0,0,0,0,1990,12,1,105,44T
Chiefs,0,0,0,0,0,1990,20,1,250,40
Colts,0,0,0,0,0,1990,9,1,173,40
Oilers,0,0,0,0,0,1990,21,1,295,47
Packers,0,0,0,0,0,1990,16,1,154,32
Lions,0,0,0,0,0,1990,17,1,273,48
Broncos,0,0,0,0,0,1990,10,1,190,49T
Cowboys,0,0,0,0,0,1990,11,1,126,64T
Browns,0,0,0,0,0,1990,13,1,212,64T
Bengals,0,0,0,0,0,1990,15,1,146,29
Bears,0,0,0,0,0,1990,31,1,268,45T
Bills,0,0,0,0,0,1990,18,2,151,60T
Falcons,0,0,0,0,0,1990,17,3,237,82T
Redskins,0,13,0,0,0,1991,27,3,279,54T
Buccaneers,0,16,0,0,0,1991,11,0,63,18
Seahawks,0,21,0,0,0,1991,18,2,302,43
49ers,0,16,1,0,0,1991,12,0,125,42
Chargers,0,9,0,0,0,1991,19,1,227,71T
Steelers,0,11,1,0,0,1991,19,2,329,57T
Cardinals,0,21,2,0,0,1991,17,1,187,35T
Eagles,0,22,3,0,0,1991,26,1,280,74T
Jets,0,19,0,0,0,1991,18,2,283,83T
Giants,0,9,0,0,0,1991,12,0,122,41
Saints,0,19,0,0,0,1991,29,2,482,79
Patriots,0,19,0,0,0,1991,12,0,93,33
Vikings,0,11,0,0,0,1991,17,2,242,97T
Dolphins,0,9,1,0,0,1991,12,0,135,37
Raiders,0,13,1,0,0,1991,18,0,155,31
Rams,0,8,1,0,0,1991,11,1,175,59T
Chiefs,0,18,2,0,0,1991,15,0,216,83
Colts,0,13,0,0,0,1991,15,0,202,37
Oilers,0,18,3,0,0,1991,20,2,255,52T
Packers,0,14,1,0,0,1991,15,0,234,37
Lions,0,17,1,0,0,1991,19,2,286,96T
Broncos,0,10,1,0,0,1991,23,2,379,53
Cowboys,0,11,1,0,0,1991,12,2,167,65T
Browns,0,18,1,0,0,1991,15,3,260,42T
Bengals,0,14,0,0,0,1991,17,1,169,47
Bears,0,13,0,0,0,1991,17,1,225,39
Bills,0,14,1,0,0,1991,23,1,276,58
Falcons,0,16,4,0,0,1991,19,1,225,55T
Redskins,0,11,1,4,11,1992,23,2,485,65
Buccaneers,0,13,3,2,10,1992,20,1,234,75
Seahawks,0,11,1,6,8,1992,20,0,324,69
49ers,0,12,1,9,4,1992,17,1,172,56T
Chargers,0,11,0,5,5,1992,25,1,405,69
Steelers,0,21,1,8,14,1992,22,1,384,65T
Cardinals,0,12,0,3,11,1992,16,3,298,46T
Eagles,0,13,1,7,4,1992,24,2,307,49
Jets,0,18,0,7,13,1992,21,3,269,77T
Giants,0,12,0,4,9,1992,14,1,192,69T
Saints,0,20,3,8,12,1992,18,3,254,71T
Patriots,0,15,2,3,12,1992,14,3,285,82T
Vikings,0,14,2,3,10,1992,28,6,502,84T
Dolphins,0,14,0,2,11,1992,18,3,458,103T
Raiders,0,7,0,1,9,1992,12,1,339,102T
Rams,0,15,0,1,16,1992,18,1,283,40
Chiefs,0,15,2,2,9,1992,24,6,403,99T
Colts,0,15,0,4,16,1992,20,1,302,90T
Oilers,0,11,3,7,5,1992,20,1,181,27
Packers,0,19,1,5,15,1992,15,1,222,43
Lions,0,11,1,4,11,1992,21,0,255,35
Broncos,0,16,1,7,12,1992,15,1,210,46T
Cowboys,0,14,1,6,9,1992,17,1,158,30
Browns,0,20,3,5,20,1992,13,1,222,92T
Bengals,0,17,2,6,16,1992,16,1,205,66T
Bears,0,16,1,2,16,1992,14,0,188,46
Bills,0,12,1,3,13,1992,23,2,325,82T
Falcons,0,12,1,4,8,1992,11,0,135,55
Redskins,0,14,2,4,8,1993,17,2,241,69T
Buccaneers,0,13,0,5,8,1993,9,2,71,28
Seahawks,0,15,2,4,9,1993,22,1,196,34
49ers,0,11,1,4,5,1993,19,3,267,67T
Chargers,0,12,0,4,6,1993,22,1,319,102T
Steelers,0,14,2,5,14,1993,24,1,386,78
Cardinals,0,17,2,6,12,1993,9,1,124,46T
Eagles,0,15,1,5,11,1993,20,4,324,94T
Jets,0,18,0,8,13,1993,19,1,233,62T
Giants,0,10,0,6,12,1993,18,1,184,50T
Saints,0,20,2,6,8,1993,10,0,133,37
Patriots,0,9,0,4,7,1993,13,0,122,40
Vikings,0,10,0,4,10,1993,24,2,211,63T
Dolphins,0,14,0,6,14,1993,13,1,175,56T
Raiders,0,9,0,3,12,1993,14,1,199,36T
Rams,0,9,1,4,8,1993,11,0,127,41
Chiefs,0,17,2,6,10,1993,21,0,225,48
Colts,0,11,2,2,12,1993,10,0,116,29
Oilers,0,17,3,10,9,1993,26,3,412,69
Packers,0,15,1,5,9,1993,18,0,255,39
Lions,0,16,2,5,10,1993,19,1,156,35T
Broncos,0,13,0,2,17,1993,18,1,236,68
Cowboys,0,14,0,6,8,1993,14,1,171,32T
Browns,0,9,1,5,13,1993,13,1,208,97T
Bengals,0,14,0,4,8,1993,12,2,272,97T
Bears,0,12,2,2,11,1993,18,2,300,86T
Bills,0,24,1,9,13,1993,23,3,306,85T
Falcons,0,11,1,5,8,1993,13,0,160,44
Redskins,0,6,2,1,10,1994,17,3,326,92T
Buccaneers,0,12,0,2,9,1994,9,0,77,38
Seahawks,0,11,0,4,8,1994,19,2,284,69T
49ers,0,12,1,3,6,1994,23,4,508,93T
Chargers,0,15,0,1,16,1994,17,3,402,99T
Steelers,0,14,1,5,7,1994,17,2,240,42
Cardinals,0,13,0,4,9,1994,23,1,297,46T
Eagles,0,14,0,0,14,1994,21,2,209,55T
Jets,0,21,0,6,12,1994,17,3,355,90T
Giants,0,16,0,3,11,1994,16,0,128,36
Saints,0,14,2,5,10,1994,17,1,197,56
Patriots,0,18,1,5,10,1994,22,1,209,24
Vikings,0,16,2,0,7,1994,18,4,338,81T
Dolphins,0,9,0,2,8,1994,23,1,276,76T
Raiders,0,13,2,4,12,1994,12,3,187,35
Rams,0,6,2,1,8,1994,14,1,211,51
Chiefs,0,26,0,5,16,1994,12,1,218,78T
Colts,0,10,2,3,5,1994,18,3,360,90T
Oilers,0,12,0,1,6,1994,14,1,242,41
Packers,0,12,0,5,12,1994,21,1,232,51
Lions,0,11,1,8,14,1994,12,2,144,48T
Broncos,0,14,0,3,12,1994,12,0,55,24
Cowboys,0,9,0,1,9,1994,22,3,297,94T
Browns,0,13,0,3,13,1994,18,1,223,93T
Bengals,0,8,0,4,14,1994,10,0,167,49
Bears,0,10,0,7,8,1994,12,0,127,33
Bills,0,12,1,2,7,1994,16,0,175,45
Falcons,0,11,1,2,8,1994,22,2,322,74
Redskins,0,18,1,8,10,1995,16,2,250,51T
Buccaneers,0,16,1,5,13,1995,14,1,137,40
Seahawks,0,9,2,5,6,1995,16,0,127,32
49ers,0,8,2,5,9,1995,26,5,425,86T
Chargers,0,10,2,4,9,1995,17,1,220,99T
Steelers,0,12,2,3,10,1995,22,3,361,63T
Cardinals,0,23,0,5,19,1995,19,4,259,72T
Eagles,0,19,4,1,15,1995,19,1,239,37T
Jets,0,17,1,2,16,1995,17,3,261,49T
Giants,0,15,1,3,12,1995,16,2,269,75T
Saints,0,12,0,2,12,1995,17,1,195,47T
Patriots,0,14,1,5,8,1995,15,0,143,45
Vikings,0,15,2,3,14,1995,25,2,326,60T
Dolphins,0,16,1,4,11,1995,14,1,161,69T
Raiders,0,22,3,7,16,1995,11,2,110,42T
Rams,0,14,3,3,12,1995,22,2,245,31
Chiefs,0,17,2,4,14,1995,16,2,303,74T
Jaguars,0,11,0,5,8,1995,13,1,155,48T
Colts,0,13,1,7,11,1995,13,1,248,97T
Oilers,0,17,0,8,9,1995,21,4,317,98T
Packers,0,3,1,0,5,1995,13,0,253,76
Lions,0,13,1,2,8,1995,22,0,270,39
Broncos,0,13,1,3,5,1995,8,0,114,36
Cowboys,0,6,0,1,6,1995,19,4,261,65T
Browns,0,7,0,3,7,1995,17,2,230,36
Bengals,0,12,0,4,11,1995,12,1,175,61
Bears,0,13,0,5,4,1995,16,1,146,37
Panthers,0,15,1,9,9,1995,21,2,319,96T
Bills,0,11,0,4,7,1995,17,2,233,69T
Falcons,0,12,0,3,10,1995,18,2,304,71T
Redskins,0,9,1,7,11,1996,21,1,214,68T
Buccaneers,0,12,0,5,15,1996,17,0,139,26
Seahawks,0,18,0,3,13,1996,14,1,256,79T
49ers,0,14,1,2,6,1996,20,1,176,55T
Chargers,0,14,0,1,10,1996,22,1,336,83T
Steelers,0,17,2,4,4,1996,23,3,334,47T
Cardinals,0,14,1,1,18,1996,11,1,122,65T
Eagles,0,12,3,4,8,1996,19,1,303,104T
Jets,0,15,1,2,11,1996,11,2,165,100T
Giants,0,13,1,7,6,1996,22,3,341,35
Saints,0,10,1,3,10,1996,12,0,114,33
Patriots,0,11,2,4,5,1996,23,2,255,46T
Vikings,0,13,0,3,12,1996,22,1,206,41
Dolphins,0,16,0,7,10,1996,20,3,475,91T
Raiders,0,9,1,2,9,1996,17,2,353,66T
Rams,0,13,0,2,12,1996,26,4,390,92T
Chiefs,0,10,1,4,9,1996,17,0,171,34
Jaguars,0,14,0,3,8,1996,13,0,114,27
Colts,0,10,0,7,5,1996,13,4,276,68T
Oilers,0,14,0,4,12,1996,12,1,162,53
Packers,0,12,0,3,9,1996,26,3,524,90T
Lions,0,8,1,4,12,1996,11,2,169,98T
Broncos,0,9,0,6,11,1996,23,1,241,69T
Cowboys,0,13,1,3,9,1996,19,0,168,24
Bengals,0,10,1,3,6,1996,34,2,308,42T
Bears,0,11,2,6,10,1996,17,1,107,29
Panthers,0,16,3,4,10,1996,22,0,277,42
Bills,0,14,1,2,8,1996,14,0,113,31
Ravens,0,7,0,0,10,1996,15,1,147,45T
Falcons,0,17,0,4,11,1996,6,0,41,21
Redskins,0,14,1,4,16,1997,16,3,222,83T
Buccaneers,0,13,0,4,5,1997,13,0,95,28
Seahawks,0,16,3,5,13,1997,13,1,196,44T
49ers,0,16,2,1,10,1997,25,1,366,55T
Chargers,0,11,2,1,10,1997,15,3,257,75T
Steelers,0,13,1,6,4,1997,20,0,253,42
Cardinals,0,5,0,3,6,1997,15,3,231,66T
Eagles,0,12,1,2,9,1997,14,1,186,64T
Jets,0,7,0,2,12,1997,18,4,379,51T
Giants,0,17,0,2,12,1997,27,4,503,95T
Saints,0,15,1,7,12,1997,16,0,194,39
Patriots,0,13,0,5,8,1997,19,4,366,100T
Vikings,0,15,2,6,12,1997,12,0,141,27
Dolphins,0,17,2,6,15,1997,10,0,92,23
Raiders,0,12,2,6,12,1997,10,1,149,44T
Rams,0,14,1,1,12,1997,25,1,281,75T
Chiefs,0,13,1,2,10,1997,21,4,432,87T
Jaguars,0,15,1,7,8,1997,14,0,145,32
Colts,0,13,2,2,7,1997,12,2,234,52T
Oilers,0,17,2,12,9,1997,14,2,328,48
Packers,0,11,3,4,11,1997,21,3,329,77T
Lions,0,8,2,2,8,1997,17,3,309,66
Broncos,0,13,2,3,7,1997,18,5,319,62T
Cowboys,0,12,2,3,9,1997,7,1,130,50T
Bengals,0,10,1,1,13,1997,13,0,183,37
Bears,0,17,0,4,10,1997,13,0,60,14
Panthers,0,11,0,4,10,1997,11,0,72,18
Bills,0,7,0,4,8,1997,15,0,157,28
Ravens,0,11,0,3,6,1997,17,1,241,43
Falcons,0,10,0,2,10,1997,18,0,114,31
Redskins,0,7,0,3,4,1998,13,0,190,54
Buccaneers,0,14,0,5,5,1998,12,1,212,56
Seahawks,0,18,2,6,10,1998,24,8,455,56T
49ers,0,12,0,3,9,1998,21,0,178,37
Chargers,0,7,0,2,8,1998,20,1,203,30
Steelers,0,13,0,5,9,1998,16,3,335,78T
Cardinals,0,19,0,4,10,1998,20,1,235,70T
Eagles,0,8,0,1,9,1998,9,0,158,33
Jets,0,9,2,4,13,1998,21,1,263,87
Giants,0,7,0,3,3,1998,19,3,217,43T
Saints,0,11,4,3,10,1998,21,5,466,91T
Patriots,0,7,0,2,3,1998,24,3,255,59T
Vikings,0,15,2,5,7,1998,19,3,341,79T
Dolphins,0,7,0,1,8,1998,29,4,318,61
Raiders,0,14,1,7,6,1998,21,3,420,94T
Rams,0,7,0,1,6,1998,16,1,201,41
Chiefs,0,20,1,3,15,1998,13,0,187,28
Jaguars,0,17,2,8,9,1998,13,0,119,34
Colts,0,11,0,3,16,1998,8,0,97,30
Oilers,0,7,2,3,3,1998,12,2,98,33
Packers,0,10,2,1,4,1998,13,1,111,33T
Lions,0,9,0,6,4,1998,12,1,132,34T
Broncos,0,11,0,5,8,1998,19,2,439,80T
Cowboys,0,12,1,5,10,1998,14,1,250,71T
Bengals,0,7,1,2,5,1998,13,1,144,58T
Bears,0,14,1,6,16,1998,14,1,129,28
Panthers,0,14,0,3,10,1998,19,2,295,56T
Bills,0,13,1,4,6,1998,18,1,204,43
Ravens,0,5,0,2,8,1998,17,2,161,60T
Falcons,0,25,4,5,17,1998,19,2,224,36
Redskins,0,13,1,3,9,1999,24,3,375,88T
Buccaneers,0,9,0,4,6,1999,21,2,355,55T
Seahawks,0,6,0,3,4,1999,30,2,336,42
49ers,0,7,3,3,8,1999,13,2,209,64T
Chargers,0,12,2,2,12,1999,15,0,123,68
Steelers,0,14,2,3,10,1999,14,0,149,25
Cardinals,0,10,0,6,9,1999,17,3,276,78T
Eagles,0,18,0,8,17,1999,28,5,625,84
Jets,0,11,1,5,8,1999,24,3,443,98T
Giants,0,7,1,2,9,1999,17,2,232,44T
Saints,0,15,2,3,6,1999,19,0,138,27
Patriots,0,15,2,5,15,1999,16,2,110,57T
Vikings,0,18,0,4,9,1999,12,1,66,27T
Dolphins,0,10,1,2,5,1999,18,1,243,42
Raiders,0,13,1,4,12,1999,20,1,247,36
Rams,0,7,1,2,8,1999,29,7,567,91T
Chiefs,0,20,4,3,16,1999,25,5,378,56T
Jaguars,0,11,1,4,13,1999,19,3,330,93T
Colts,0,13,1,1,8,1999,10,1,287,74T
Titans,0,24,2,6,17,1999,16,1,257,43
Packers,0,15,2,4,13,1999,26,1,137,60
Lions,0,16,3,6,9,1999,16,1,235,41T
Broncos,0,11,1,4,9,1999,15,1,169,45
Cowboys,0,9,1,3,9,1999,24,4,442,95T
Browns,0,12,0,5,12,1999,8,0,52,14
Bengals,0,15,0,3,12,1999,12,1,100,58T
Bears,0,19,1,5,8,1999,14,1,229,41
Panthers,0,14,0,4,6,1999,15,0,169,44
Bills,0,9,1,1,5,1999,12,0,180,52
Ravens,0,10,0,3,6,1999,21,4,403,66T
Redskins,0,16,0,7,7,2000,17,0,219,48
Buccaneers,0,16,1,7,10,2000,25,4,275,37T
Seahawks,0,10,2,3,10,2000,17,3,300,84T
49ers,0,8,0,4,7,2000,13,2,278,70T
Chargers,0,6,0,1,6,2000,16,4,313,75T
Steelers,0,17,2,2,10,2000,17,0,154,33
Cardinals,0,10,1,5,7,2000,10,0,151,48
Eagles,0,12,0,5,10,2000,19,2,255,38
Jets,0,14,0,3,10,2000,21,1,229,43
Giants,0,11,0,3,5,2000,20,0,149,40
Saints,0,15,1,3,5,2000,20,4,264,46
Patriots,0,13,0,1,12,2000,10,0,161,56
Vikings,0,10,0,9,3,2000,8,0,65,25
Dolphins,0,13,2,4,8,2000,28,0,311,43
Raiders,0,16,1,7,17,2000,21,4,323,50T
Rams,0,6,1,3,3,2000,19,0,135,23
Chiefs,0,14,0,3,14,2000,15,2,198,42T
Jaguars,0,18,0,5,10,2000,12,0,145,39
Colts,0,8,1,3,6,2000,14,2,125,40T
Titans,0,13,1,5,12,2000,17,4,285,87T
Packers,0,7,0,1,6,2000,21,1,315,47
Lions,0,16,0,5,15,2000,25,2,340,101T
Broncos,0,17,2,6,12,2000,27,5,343,79T
Cowboys,0,9,0,5,9,2000,16,0,167,46
Browns,0,13,0,3,9,2000,12,1,68,33T
Bengals,0,12,0,3,12,2000,9,1,107,36T
Bears,0,9,0,6,4,2000,11,4,254,61T
Panthers,0,20,0,10,13,2000,17,2,199,88T
Bills,0,13,0,3,8,2000,16,1,131,45T
Ravens,0,26,0,7,22,2000,23,1,477,98T
Redskins,31,11,0,8,12,2001,23,1,209,67T
Buccaneers,22,11,0,0,13,2001,28,2,419,98T
Seahawks,28,13,1,4,8,2001,14,2,186,55T
49ers,24,10,1,2,9,2001,24,2,330,97T
Chargers,33,12,2,1,21,2001,19,1,162,37T
Steelers,27,12,3,1,12,2001,16,2,270,62
Cardinals,25,6,2,2,12,2001,17,3,294,61T
Eagles,38,19,2,4,17,2001,14,2,152,50T
Jets,27,19,2,7,14,2001,20,2,390,63T
Giants,28,13,1,2,12,2001,15,1,129,34T
Saints,28,15,1,6,6,2001,15,0,209,40
Patriots,23,13,0,5,8,2001,22,5,422,78T
Vikings,20,9,1,2,11,2001,8,1,47,27T
Dolphins,26,11,1,2,8,2001,17,5,412,100T
Raiders,18,7,1,3,8,2001,17,2,306,41
Rams,20,13,1,4,9,2001,21,4,369,93T
Chiefs,23,13,0,4,7,2001,13,1,166,51T
Jaguars,28,12,2,4,9,2001,12,0,83,39
Colts,16,10,1,1,6,2001,15,1,158,30T
Titans,19,11,1,4,7,2001,13,0,78,36
Packers,36,19,1,6,10,2001,20,2,344,69T
Lions,19,6,1,2,9,2001,16,3,217,74T
Broncos,26,15,0,2,9,2001,22,1,240,42
Cowboys,28,16,0,2,13,2001,9,3,191,71T
Browns,33,8,1,6,12,2001,33,4,499,97T
Bengals,33,15,1,5,15,2001,13,1,192,66T
Bears,31,17,2,6,7,2001,20,3,372,67
Panthers,27,11,1,5,14,2001,24,1,374,49
Bills,25,8,0,6,8,2001,11,3,139,48T
Ravens,22,12,1,6,8,2001,16,1,195,64
Redskins,26,12,1,8,8,2002,14,1,173,78T
Buccaneers,21,7,1,4,1,2002,31,4,494,97T
Seahawks,22,11,1,2,10,2002,19,1,245,46T
49ers,23,8,0,5,9,2002,19,1,332,60
Chargers,16,10,3,8,5,2002,17,1,246,46
Steelers,21,17,0,3,7,2002,19,1,351,84
Cardinals,15,8,0,5,5,2002,17,2,186,38T
Eagles,45,22,1,6,20,2002,15,2,193,80T
Jets,16,8,0,2,6,2002,15,0,207,65
Giants,21,14,1,3,7,2002,11,1,93,32
Saints,29,18,2,2,13,2002,20,1,211,43
Patriots,21,11,1,6,6,2002,18,3,277,90T
Vikings,16,7,0,1,11,2002,16,1,191,43T
Dolphins,21,9,1,1,4,2002,21,1,258,62
Raiders,19,10,0,4,9,2002,21,3,347,98T
Rams,31,14,1,11,6,2002,12,0,74,36
Chiefs,19,13,1,4,7,2002,18,0,302,50
Jaguars,20,13,0,6,9,2002,14,0,193,53
Colts,36,17,0,4,9,2002,10,1,170,53
Texans,22,11,1,5,5,2002,10,2,188,70T
Titans,22,11,1,6,4,2002,18,3,198,32T
Packers,38,21,0,5,11,2002,24,4,516,89T
Lions,25,14,2,5,10,2002,10,1,173,49
Broncos,23,13,1,2,6,2002,9,2,107,31
Cowboys,23,10,0,4,10,2002,19,3,227,85T
Browns,32,12,0,6,7,2002,17,0,148,71
Bengals,20,11,1,3,10,2002,9,2,187,102T
Bears,34,19,1,5,16,2002,9,0,111,35
Panthers,36,16,1,3,10,2002,17,1,261,62
Bills,20,9,1,1,11,2002,10,1,147,42
Redskins,26,13,0,4,12,2003,17,0,184,44
Buccaneers,28,13,1,5,10,2003,20,3,229,44T
Seahawks,25,12,2,3,14,2003,16,0,157,33
49ers,23,13,0,3,4,2003,23,1,389,68T
Chargers,22,7,0,1,7,2003,13,1,157,41
Steelers,23,11,0,0,11,2003,14,2,215,42
Cardinals,21,10,0,3,11,2003,13,1,271,70T
Eagles,24,13,0,6,7,2003,13,1,158,34
Jets,15,9,0,0,6,2003,11,0,155,39
Giants,29,12,2,4,7,2003,10,2,199,56T
Saints,29,13,0,6,9,2003,14,2,226,73T
Patriots,29,12,1,4,6,2003,29,5,358,65T
Vikings,28,7,0,3,13,2003,28,4,693,80T
Dolphins,25,14,1,5,7,2003,22,2,338,74T
Raiders,22,11,0,3,11,2003,14,2,280,83T
Rams,31,22,2,5,9,2003,24,3,505,74T
Chiefs,21,12,0,3,8,2003,25,3,310,79T
Jaguars,25,12,1,6,10,2003,15,0,78,21
Colts,30,15,1,3,10,2003,15,2,244,75T
Texans,18,8,0,1,12,2003,14,1,205,95T
Titans,20,13,2,2,5,2003,21,3,312,60T
Packers,20,11,1,4,9,2003,21,2,315,90T
Lions,31,13,3,5,12,2003,15,1,130,48T
Broncos,25,11,0,2,14,2003,9,1,39,16
Cowboys,24,12,0,2,7,2003,13,2,183,41T
Browns,24,7,0,2,4,2003,15,1,168,75T
Bengals,26,10,1,5,12,2003,14,0,123,31
Bears,19,5,0,1,7,2003,15,1,191,45T
Panthers,18,10,0,2,8,2003,16,3,238,53
Bills,22,8,1,4,6,2003,10,2,114,54T
Redskins,17,8,0,4,5,2004,18,1,405,78T
Buccaneers,20,11,2,3,8,2004,16,1,239,75
Seahawks,25,12,0,4,6,2004,23,3,337,63T
49ers,24,12,2,3,9,2004,9,0,129,31
Chargers,19,10,0,4,6,2004,23,1,180,40
Steelers,28,13,2,3,6,2004,19,3,293,41
Cardinals,30,15,1,4,14,2004,15,1,214,65
Eagles,29,11,0,7,7,2004,17,2,287,101T
Jets,28,14,1,7,8,2004,19,2,243,66T
Giants,26,14,2,3,11,2004,14,0,113,39
Saints,30,20,1,6,9,2004,13,0,101,55
Patriots,31,16,3,5,11,2004,20,1,290,36
Vikings,25,11,1,5,9,2004,11,1,207,56
Dolphins,22,10,1,2,14,2004,15,0,92,47
Raiders,14,9,0,2,6,2004,9,1,221,45
Rams,17,9,3,1,7,2004,6,0,45,30
Chiefs,23,7,1,7,9,2004,13,1,173,65
Jaguars,30,11,0,6,8,2004,16,0,126,37
Colts,33,17,1,6,10,2004,19,2,252,77T
Texans,22,8,3,3,10,2004,22,2,393,102T
Titans,20,12,1,3,6,2004,18,1,285,44
Packers,16,7,3,3,5,2004,8,2,165,43T
Lions,20,10,0,3,6,2004,14,1,216,55T
Broncos,24,8,0,4,9,2004,12,2,175,76
Cowboys,19,9,0,4,5,2004,13,0,109,33
Browns,20,13,0,2,7,2004,15,1,250,51
Bengals,39,16,1,6,10,2004,20,4,272,51T
Bears,21,12,1,3,9,2004,17,5,546,71T
Panthers,29,12,1,7,10,2004,26,2,420,97
Bills,31,15,0,6,9,2004,24,4,333,62T
Redskins,32,12,1,3,15,2005,16,1,176,41
Buccaneers,25,13,3,2,6,2005,17,0,223,42
Seahawks,25,11,1,2,9,2005,16,2,315,72T
49ers,18,10,1,1,5,2005,16,3,220,61T
Chargers,23,10,0,3,10,2005,10,2,205,70T
Steelers,29,15,1,3,9,2005,15,0,179,55
Cardinals,24,11,0,5,7,2005,15,3,285,60T
Eagles,25,10,1,7,3,2005,17,1,195,40T
Jets,24,7,1,4,6,2005,21,2,279,74T
Giants,29,19,1,9,10,2005,17,1,354,71
Saints,19,9,0,1,7,2005,10,0,182,51
Patriots,13,8,0,2,2,2005,10,2,85,39T
Vikings,21,11,0,4,8,2005,24,3,392,92T
Dolphins,35,17,1,6,9,2005,14,0,136,37
Raiders,22,14,1,3,8,2005,5,0,38,33
Rams,27,14,0,4,8,2005,13,2,364,85T
Chiefs,33,15,1,2,14,2005,16,1,232,57T
Jaguars,21,9,0,2,4,2005,19,2,184,41T
Colts,32,13,2,3,7,2005,18,2,259,36
Texans,24,9,0,3,7,2005,7,0,46,29
Titans,20,11,2,0,8,2005,9,2,129,52T
Packers,32,11,0,3,11,2005,10,2,205,95T
Lions,24,12,1,5,11,2005,19,2,308,64T
Broncos,29,16,0,7,7,2005,20,3,379,80T
Cowboys,21,11,0,4,6,2005,15,2,187,58T
Browns,21,8,0,5,8,2005,15,0,130,37
Bengals,30,13,0,5,13,2005,31,1,260,37
Bears,26,10,0,5,10,2005,24,4,524,95
Panthers,25,19,1,4,5,2005,23,2,440,61T
Bills,23,13,0,5,5,2005,17,1,233,46T
Redskins,15,6,0,2,7,2006,6,0,25,25
Buccaneers,25,9,0,5,10,2006,11,3,226,66T
Seahawks,34,14,1,5,11,2006,12,1,124,37
49ers,23,13,1,6,6,2006,14,1,178,43
Chargers,28,12,3,4,8,2006,16,0,140,35
Steelers,15,9,0,4,7,2006,20,2,272,49
Cardinals,28,17,2,6,15,2006,16,1,350,99T
Eagles,25,10,1,5,10,2006,19,4,428,102T
Jets,17,9,1,4,4,2006,16,0,56,25
Giants,23,11,0,5,8,2006,17,2,305,96T
Saints,21,8,0,2,9,2006,11,0,106,54
Patriots,24,13,0,2,8,2006,22,0,262,70
Vikings,25,15,2,7,7,2006,21,3,243,47T
Dolphins,35,19,1,4,10,2006,8,2,116,51T
Raiders,16,5,2,1,8,2006,18,2,206,100T
Rams,24,15,1,1,13,2006,17,1,164,38T
Chiefs,29,15,0,8,7,2006,15,0,124,30
Jaguars,12,4,0,2,6,2006,20,1,280,55T
Colts,28,11,1,1,9,2006,15,0,157,38
Texans,15,11,2,5,8,2006,11,1,78,21
Titans,17,11,3,5,5,2006,17,2,282,83T
Packers,29,10,1,6,8,2006,23,4,289,55T
Lions,28,18,0,7,8,2006,12,1,160,88T
Broncos,28,13,0,5,9,2006,17,2,244,70T
Cowboys,26,13,1,3,9,2006,18,3,234,41T
Browns,13,9,1,1,10,2006,18,1,256,57T
Bengals,24,12,0,4,10,2006,19,1,248,52T
Bears,32,20,2,7,9,2006,24,1,279,54T
Panthers,22,8,0,2,9,2006,14,2,115,30T
Bills,26,11,2,4,6,2006,13,2,203,76
Redskins,18,10,0,9,6,2007,14,2,301,61T
Buccaneers,27,19,1,7,11,2007,16,1,89,29T
Seahawks,25,14,1,5,9,2007,20,1,299,84T
49ers,12,9,1,5,2,2007,12,0,138,62
Chargers,19,18,3,1,8,2007,30,2,311,70T
Steelers,25,14,0,7,11,2007,11,2,234,51T
Cardinals,14,11,0,5,9,2007,18,6,551,71T
Eagles,10,8,0,2,4,2007,11,0,111,49
Jets,10,6,1,2,3,2007,15,0,110,36
Giants,16,10,2,5,7,2007,15,3,204,43T
Saints,17,10,2,6,12,2007,13,3,267,75T
Patriots,20,12,3,3,3,2007,19,3,288,65T
Vikings,22,16,2,9,15,2007,15,6,298,93T
Dolphins,14,8,1,4,3,2007,14,1,160,36T
Raiders,13,8,0,2,10,2007,18,2,321,66T
Rams,17,9,0,6,6,2007,18,2,200,52T
Chiefs,14,8,1,5,6,2007,14,0,142,37
Jaguars,15,9,1,3,4,2007,20,2,237,39T
Colts,20,15,1,5,10,2007,22,1,355,83T
Texans,18,14,3,7,6,2007,11,0,75,33
Titans,16,12,0,5,8,2007,22,2,358,76T
Packers,13,9,3,2,5,2007,19,1,233,46T
Lions,25,18,1,7,13,2007,17,3,362,66T
Broncos,21,15,2,4,13,2007,14,0,105,37
Cowboys,20,10,1,3,5,2007,19,2,331,70
Browns,12,10,0,3,7,2007,17,1,216,100T
Bengals,16,15,2,2,13,2007,19,1,220,44
Bears,24,17,0,5,15,2007,16,1,235,85T
Panthers,18,16,1,7,14,2007,14,1,163,73T
Bills,12,12,1,4,11,2007,18,2,193,38
Ravens,11,6,0,2,2,2007,17,1,212,35T
Falcons,16,11,1,3,4,2007,16,0,174,33
Redskins,11,5,0,4,8,2008,13,0,114,42
Buccaneers,12,8,1,3,7,2008,22,3,396,84
Seahawks,22,11,1,4,8,2008,9,2,217,75T
49ers,12,6,0,3,8,2008,12,1,139,86T
Chargers,13,9,1,6,3,2008,15,2,167,59T
Steelers,12,9,1,1,3,2008,20,2,290,89
Cardinals,20,17,1,5,10,2008,13,2,321,99T
Eagles,21,14,3,5,8,2008,15,2,279,55T
Jets,29,16,2,10,8,2008,14,3,282,92T
Giants,15,5,0,4,5,2008,17,2,339,57
Saints,10,7,0,2,7,2008,15,0,188,42
Patriots,13,8,0,4,3,2008,14,0,104,47
Vikings,22,13,2,7,11,2008,12,0,56,28
Dolphins,17,12,0,5,9,2008,18,2,214,55
Raiders,15,8,0,4,8,2008,16,0,145,44
Rams,18,14,1,8,8,2008,12,0,162,43
Chiefs,20,16,1,7,16,2008,13,2,275,91T
Jaguars,11,4,1,1,3,2008,13,2,220,72T
Colts,22,11,2,5,7,2008,15,2,204,85T
Texans,15,10,0,6,7,2008,12,1,178,44T
Titans,23,11,0,6,9,2008,20,3,351,99T
Packers,14,6,1,5,9,2008,22,6,685,99T
Lions,22,16,1,3,11,2008,4,0,16,18
Broncos,9,7,2,3,7,2008,6,0,63,34
Cowboys,17,14,0,5,12,2008,8,1,36,23T
Browns,11,8,0,2,9,2008,23,2,406,98
Bengals,13,12,2,5,10,2008,12,1,236,50T
Bears,8,10,2,5,3,2008,22,1,312,50
Panthers,17,13,2,6,4,2008,12,0,192,44
Bills,15,12,0,6,6,2008,10,3,217,64T
Ravens,13,8,1,5,5,2008,26,5,477,107T
Falcons,10,8,0,1,6,2008,10,2,233,95T
Redskins,17,6,0,1,10,2009,11,0,185,44
Buccaneers,10,10,0,1,7,2009,19,2,275,36
Seahawks,13,10,1,0,7,2009,13,2,164,65T
49ers,23,15,2,8,7,2009,18,1,237,51
Chargers,18,10,2,2,11,2009,14,1,173,34
Steelers,14,10,1,3,4,2009,12,2,189,82T
Cardinals,12,8,0,3,6,2009,21,1,338,80
Eagles,15,13,2,2,8,2009,25,2,370,83T
Jets,15,14,1,2,6,2009,17,1,247,67T
Giants,20,11,1,3,6,2009,13,2,221,49
Saints,15,13,3,5,3,2009,26,5,652,99T
Patriots,18,10,0,7,9,2009,18,3,327,91T
Vikings,23,13,1,8,8,2009,11,0,43,36
Dolphins,14,6,1,1,5,2009,15,1,164,29
Raiders,13,12,0,3,12,2009,8,0,35,20
Rams,14,11,0,7,7,2009,8,1,102,36T
Chiefs,11,13,1,5,5,2009,15,2,380,94
Jaguars,15,10,0,3,15,2009,15,0,208,37
Colts,14,9,0,5,5,2009,16,2,167,35T
Texans,13,13,1,6,10,2009,14,1,212,70T
Titans,13,7,0,3,7,2009,20,4,433,80
Packers,12,10,1,4,10,2009,30,3,477,67
Lions,18,13,1,3,9,2009,9,2,210,101T
Broncos,20,13,2,4,13,2009,17,0,171,37
Cowboys,17,10,0,4,7,2009,11,1,33,27T
Browns,11,9,0,1,9,2009,10,0,161,47
Bengals,11,6,1,4,6,2009,19,2,259,45T
Bears,23,15,0,9,10,2009,13,1,144,39
Panthers,22,15,0,6,10,2009,22,1,235,41
Bills,13,5,0,2,6,2009,28,2,335,76T
Ravens,15,10,1,6,5,2009,22,2,346,52T
Falcons,20,13,2,4,12,2009,15,1,158,62T
Redskins,19,13,1,6,7,2010,14,1,199,92T
Buccaneers,12,9,0,2,7,2010,19,3,339,64
Seahawks,16,10,0,4,7,2010,12,2,168,34
49ers,13,7,0,4,4,2010,15,3,239,62T
Chargers,11,6,0,5,2,2010,16,3,240,41T
Steelers,24,14,0,4,5,2010,21,3,248,79T
Cardinals,13,13,4,4,10,2010,17,3,424,66T
Eagles,11,11,1,2,7,2010,23,1,182,40T
Jets,17,18,0,2,12,2010,12,3,214,66
Giants,34,23,0,9,5,2010,16,0,110,36
Saints,25,16,0,10,8,2010,9,2,196,96T
Patriots,11,13,1,3,9,2010,25,4,419,59T
Vikings,12,10,1,3,7,2010,15,1,152,41
Dolphins,13,8,1,1,4,2010,11,0,66,21
Raiders,15,12,1,2,6,2010,12,2,105,30T
Rams,23,12,0,5,5,2010,14,0,161,34
Chiefs,18,9,0,2,9,2010,14,3,204,54T
Jaguars,8,5,0,4,4,2010,13,0,105,47
Colts,12,11,1,5,7,2010,10,2,206,44
Texans,11,5,0,3,5,2010,13,0,90,23
Titans,17,8,0,3,11,2010,17,1,198,41T
Packers,15,8,1,5,6,2010,24,3,318,64
Lions,21,15,1,8,8,2010,14,2,194,42T
Broncos,13,8,1,1,13,2010,10,0,118,36
Cowboys,14,10,1,3,9,2010,20,3,302,101T
Browns,9,9,1,1,4,2010,19,2,320,64T
Bengals,12,10,1,5,8,2010,16,1,200,56
Bears,23,14,0,6,15,2010,21,1,332,56
Panthers,14,12,0,5,9,2010,17,1,285,66
Bills,15,11,1,4,10,2010,11,2,210,56
Ravens,15,8,0,7,10,2010,19,3,289,44
Falcons,14,9,1,4,8,2010,22,2,337,40
Redskins,17,8,0,5,5,2011,13,1,127,30
Buccaneers,13,10,1,3,10,2011,14,3,195,43
Seahawks,13,9,0,5,4,2011,22,4,462,94T
49ers,19,15,0,5,10,2011,23,1,284,48
Chargers,7,4,1,3,3,2011,17,1,260,64
Steelers,10,4,1,1,2,2011,11,0,99,33
Cardinals,12,9,0,3,3,2011,10,0,117,49
Eagles,10,9,3,3,5,2011,15,1,192,35
Jets,19,12,0,2,10,2011,19,2,378,100T
Giants,13,11,1,1,10,2011,20,0,157,31
Saints,17,7,2,5,7,2011,9,1,80,42T
Patriots,10,11,1,0,10,2011,23,2,296,38
Vikings,19,15,0,5,5,2011,8,0,152,52
Dolphins,9,3,0,1,9,2011,16,1,256,55
Raiders,7,8,1,3,3,2011,18,0,252,73
Rams,16,6,0,2,12,2011,12,1,169,51
Chiefs,13,6,0,1,8,2011,20,2,283,59T
Jaguars,19,11,3,1,7,2011,17,0,160,30
Colts,14,9,1,4,5,2011,8,2,118,32T
Texans,13,10,0,0,8,2011,17,1,196,42
Titans,15,12,0,5,9,2011,11,1,179,97T
Packers,13,7,1,8,6,2011,31,4,468,76
Lions,17,13,2,4,5,2011,21,5,458,100T
Broncos,11,9,0,3,5,2011,9,3,152,55T
Cowboys,13,9,0,4,6,2011,15,1,217,43T
Browns,15,11,0,4,6,2011,9,0,93,29
Bengals,18,12,2,8,8,2011,10,1,137,75T
Bears,14,11,2,3,9,2011,20,4,177,44T
Panthers,12,10,0,4,10,2011,14,0,197,53
Bills,15,11,2,2,9,2011,20,4,341,43T
Ravens,21,11,3,6,10,2011,15,1,175,73T
Falcons,13,10,1,4,5,2011,19,2,301,50T
Redskins,12,9,1,3,7,2012,21,3,257,49
Buccaneers,11,8,0,4,3,2012,18,3,419,83T
Seahawks,18,13,1,5,8,2012,18,2,255,57T
49ers,15,11,1,7,5,2012,14,2,216,63
Chargers,18,14,2,6,9,2012,14,5,336,80T
Steelers,15,10,0,5,6,2012,10,1,127,53T
Cardinals,13,11,1,4,5,2012,22,2,306,102T
Eagles,13,5,0,0,7,2012,8,0,31,14
Jets,14,12,1,3,7,2012,11,2,117,40T
Giants,16,14,1,5,8,2012,21,1,496,70
Saints,11,11,0,2,6,2012,15,4,369,99T
Patriots,30,21,3,9,19,2012,20,2,371,87T
Vikings,16,12,0,3,8,2012,10,3,224,56T
Dolphins,15,6,0,6,3,2012,10,0,99,31
Raiders,9,8,0,6,3,2012,11,0,91,24
Rams,12,4,1,2,4,2012,17,4,382,42
Chiefs,14,6,1,6,7,2012,7,0,119,32
Jaguars,12,11,0,2,4,2012,12,0,122,23
Colts,6,3,0,3,4,2012,12,4,155,51
Texans,17,14,0,4,10,2012,15,3,333,86
Titans,13,5,1,4,6,2012,19,4,358,79T
Packers,8,5,1,4,3,2012,18,1,246,72T
Lions,11,6,0,3,4,2012,11,0,135,29
Broncos,19,8,1,1,6,2012,16,5,347,98T
Cowboys,14,9,2,3,4,2012,7,1,147,47T
Browns,16,12,0,5,9,2012,17,2,230,50
Bengals,16,16,1,4,8,2012,14,2,164,44
Bears,26,20,1,10,12,2012,24,8,488,74T
Panthers,16,12,0,1,7,2012,11,3,181,74T
Bills,21,9,0,6,11,2012,12,1,178,45
Ravens,10,12,0,3,11,2012,13,2,196,63T
Falcons,15,11,1,4,8,2012,20,1,246,79T
Redskins,12,9,1,5,8,2013,16,4,247,45T
Buccaneers,15,10,0,5,6,2013,21,3,338,85T
Seahawks,17,11,1,4,7,2013,28,3,385,58T
49ers,12,11,3,2,6,2013,18,2,278,89T
Chargers,11,6,0,4,4,2013,11,1,143,41
Steelers,16,10,0,5,7,2013,10,3,203,40T
Cardinals,11,10,1,2,6,2013,20,4,251,43
Eagles,13,12,1,3,15,2013,19,1,294,76
Jets,10,2,0,2,5,2013,13,1,167,38
Giants,15,12,0,4,6,2013,17,2,270,91
Saints,13,7,0,4,3,2013,12,0,169,43
Patriots,11,12,1,5,6,2013,17,2,220,79T
Vikings,12,8,1,4,7,2013,12,0,78,30
Dolphins,10,6,0,0,5,2013,18,2,204,94T
Raiders,19,13,2,7,6,2013,9,1,83,43T
Rams,21,15,3,3,8,2013,14,2,256,98T
Chiefs,13,15,2,4,4,2013,21,5,488,100T
Jaguars,15,10,1,2,10,2013,11,1,172,59T
Colts,19,12,0,0,8,2013,15,1,186,46
Texans,10,4,0,1,7,2013,7,1,86,32
Titans,14,12,2,5,9,2013,13,1,113,34
Packers,16,11,2,3,3,2013,11,0,36,11
Lions,11,7,1,1,10,2013,15,1,211,66T
Broncos,16,9,1,4,9,2013,17,1,141,75T
Cowboys,13,13,3,4,4,2013,15,2,257,74
Browns,8,7,1,2,4,2013,14,3,274,44T
Bengals,13,11,1,5,4,2013,20,4,200,60T
Bears,19,9,1,5,11,2013,19,5,428,49
Panthers,11,10,0,3,5,2013,20,4,234,45T
Bills,12,6,1,3,7,2013,23,2,289,57
Ravens,14,7,0,6,6,2013,16,1,160,37T
Falcons,13,11,1,6,5,2013,10,2,176,71T
Redskins,14,12,0,3,12,2014,7,0,38,14
Buccaneers,16,11,0,5,8,2014,14,3,155,33T
Seahawks,18,10,0,7,10,2014,13,2,319,53
49ers,10,6,1,3,4,2014,23,2,315,73
Chargers,16,11,3,3,10,2014,7,0,65,27
Steelers,12,10,1,4,9,2014,11,4,242,52T
Cardinals,9,7,1,4,4,2014,18,3,321,88T
Eagles,24,16,2,4,10,2014,12,2,145,53T
Jets,9,7,0,3,5,2014,6,0,36,25
Giants,15,8,1,1,10,2014,17,0,236,39
Saints,11,5,0,5,5,2014,12,0,120,45
Patriots,15,9,2,5,6,2014,16,0,184,60
Vikings,9,6,1,5,3,2014,13,2,201,81T
Dolphins,13,11,1,2,7,2014,14,2,299,81T
Raiders,12,5,1,2,7,2014,9,0,76,30
Rams,17,12,0,5,13,2014,13,3,276,99T
Chiefs,13,7,0,2,4,2014,6,1,95,39T
Jaguars,19,14,2,5,4,2014,6,1,80,55T
Colts,21,14,1,7,9,2014,12,1,143,47T
Texans,17,14,1,7,8,2014,20,4,483,80T
Titans,5,4,1,2,2,2014,12,1,122,34
Packers,12,9,1,2,11,2014,18,3,396,82T
Lions,11,7,1,4,6,2014,20,1,388,70
Broncos,15,7,1,11,3,2014,18,2,213,38
Cowboys,15,13,1,9,2,2014,18,2,228,58T
Browns,15,8,1,3,6,2014,21,2,333,62T
Bengals,7,6,0,0,7,2014,20,1,161,31
Bears,18,10,0,8,5,2014,14,1,141,45T
Panthers,22,12,0,8,6,2014,14,2,350,84T
Bills,14,11,1,5,6,2014,19,0,322,45
Ravens,16,11,0,6,8,2014,11,1,135,44T
Falcons,13,12,1,5,5,2014,16,1,113,23T
Redskins,22,15,1,10,13,2015,11,1,181,44
Buccaneers,19,12,2,7,9,2015,11,1,93,26
Seahawks,18,8,3,3,9,2015,14,0,205,54
49ers,5,3,0,3,4,2015,9,1,125,45
Chargers,11,9,0,1,7,2015,11,1,152,68T
Steelers,16,13,0,6,12,2015,17,2,282,70T
Cardinals,22,14,2,4,12,2015,19,4,263,40
Eagles,18,11,1,7,3,2015,15,3,280,99T
Jets,15,12,0,0,8,2015,18,0,191,31
Giants,18,12,2,8,11,2015,15,2,206,63T
Saints,18,13,1,2,15,2015,9,0,87,24
Patriots,22,9,2,6,6,2015,12,0,176,51
Vikings,11,9,1,2,6,2015,13,2,215,91T
Dolphins,8,3,0,1,3,2015,13,3,184,42
Raiders,14,11,0,8,2,2015,14,1,73,27
Rams,20,13,2,9,9,2015,13,1,182,58T
Chiefs,13,7,2,0,7,2015,22,4,477,90T
Jaguars,14,9,2,2,4,2015,9,1,120,48
Colts,13,8,1,3,10,2015,17,4,196,69T
Texans,12,11,1,2,5,2015,14,2,180,50
Titans,11,8,1,0,3,2015,11,1,164,45
Packers,12,6,0,3,8,2015,16,2,198,45T
Lions,17,9,1,5,7,2015,9,1,103,31T
Broncos,22,13,1,10,4,2015,14,4,321,74T
Cowboys,6,3,0,3,2,2015,8,1,62,24
Browns,14,10,0,5,6,2015,11,2,210,52T
Bengals,10,7,0,3,4,2015,21,1,202,37
Bears,6,9,0,3,6,2015,8,0,103,39
Panthers,22,15,0,7,9,2015,24,4,301,46T
Bills,9,8,1,1,4,2015,17,2,253,44T
Ravens,8,8,1,3,7,2015,6,1,51,25
Falcons,12,8,2,4,7,2015,15,1,220,84
Redskins,17,7,0,2,10,2016,13,0,186,79
Buccaneers,16,12,0,7,4,2016,17,4,234,53
Seahawks,16,8,1,2,8,2016,11,0,72,31
49ers,15,10,0,3,8,2016,10,0,96,39
Chargers,14,10,2,3,6,2016,18,3,292,90T
Steelers,16,10,1,4,5,2016,13,0,133,58
Cardinals,21,14,1,2,11,2016,14,2,263,66T
Eagles,15,10,0,4,2,2016,16,3,207,64T
Jets,14,4,0,2,12,2016,8,0,141,51
Giants,15,8,2,5,5,2016,17,1,174,44T
Saints,11,12,0,7,5,2016,9,0,109,30
Patriots,16,10,0,4,11,2016,13,0,109,46
Vikings,13,13,2,2,12,2016,14,2,253,100T
Dolphins,16,9,0,6,7,2016,16,1,186,60T
Raiders,20,14,0,5,11,2016,16,1,147,40
Rams,12,8,1,5,3,2016,10,0,71,29
Chiefs,16,15,1,6,8,2016,18,4,271,55T
Jaguars,10,6,0,1,7,2016,7,1,104,35
Colts,15,9,1,6,4,2016,8,0,100,56
Texans,7,6,0,2,8,2016,11,1,132,42T
Titans,4,6,1,1,5,2016,12,0,68,33
Packers,9,8,0,3,1,2016,17,0,209,44
Lions,8,4,0,1,5,2016,10,1,96,39T
Broncos,16,13,1,5,8,2016,14,3,367,51T
Cowboys,18,11,0,6,8,2016,9,0,75,27
Browns,6,3,0,1,3,2016,10,1,146,67
Bengals,6,3,0,3,4,2016,17,0,138,47
Bears,11,3,1,3,3,2016,8,1,73,25
Panthers,18,10,2,4,5,2016,17,1,204,37
Bills,11,6,2,2,10,2016,12,1,207,49
Ravens,14,10,1,1,10,2016,18,0,178,53
Falcons,17,10,2,6,6,2016,12,3,279,90T
Redskins,12,7,0,2,8,2017,16,2,194,96T
Buccaneers,18,13,3,5,9,2017,13,1,218,47T
Seahawks,13,9,1,1,8,2017,14,3,212,78T
49ers,17,10,0,5,10,2017,10,1,185,50T
Chargers,13,9,1,3,5,2017,18,2,302,90T
Steelers,12,6,0,5,4,2017,16,0,184,41
Cardinals,17,6,1,3,7,2017,15,1,258,82T
Eagles,14,11,4,3,3,2017,19,1,278,59
Jets,9,9,0,5,9,2017,11,0,151,48
Giants,12,6,0,4,3,2017,13,2,161,53T
Saints,17,5,1,4,5,2017,20,2,192,33
Patriots,9,5,0,4,6,2017,12,0,114,39
Vikings,8,5,0,1,4,2017,14,1,200,36
Dolphins,9,6,2,1,9,2017,9,1,99,30T
Raiders,12,9,0,2,6,2017,5,0,10,8
Rams,17,10,0,3,8,2017,18,3,401,69
Chiefs,12,10,3,6,4,2017,16,0,201,62
Jaguars,17,12,5,1,8,2017,21,2,294,67
Colts,11,7,0,4,10,2017,13,1,215,44
Texans,13,5,2,2,4,2017,11,2,144,82T
Titans,11,9,1,5,9,2017,12,0,154,33
Packers,10,10,1,3,6,2017,11,1,54,21T
Lions,16,13,2,5,8,2017,19,3,253,37T
Broncos,8,7,2,3,4,2017,10,2,237,103T
Cowboys,20,10,0,3,6,2017,10,1,98,25
Browns,14,6,0,7,5,2017,7,1,97,56T
Bengals,4,2,0,1,4,2017,11,3,339,101
Bears,14,14,1,4,8,2017,8,2,253,90T
Panthers,15,11,1,4,1,2017,10,0,78,40
Bills,16,7,2,7,5,2017,18,1,275,63
Ravens,16,12,2,4,5,2017,22,3,385,63T
Falcons,12,8,2,0,8,2017,8,0,108,43
Redskins,19,11,1,9,3,2018,15,0,203,40
Buccaneers,12,8,1,4,5,2018,9,0,97,50
Seahawks,18,14,1,5,7,2018,12,1,196,98T
49ers,11,5,0,4,6,2018,2,1,55,32T
Chargers,7,7,1,3,6,2018,13,1,247,86
Steelers,13,7,1,2,5,2018,8,2,89,35
Cardinals,13,9,2,5,3,2018,7,0,55,25
Eagles,12,7,0,3,6,2018,10,0,139,29
Jets,13,7,0,3,4,2018,13,3,318,104
Giants,11,5,0,4,7,2018,16,3,191,46
Saints,19,12,0,9,4,2018,12,1,259,78
Patriots,14,10,1,5,8,2018,18,1,156,84T
Vikings,8,8,2,1,12,2018,12,1,159,52
Dolphins,11,7,0,7,3,2018,21,3,321,54
Raiders,5,3,0,1,6,2018,14,1,124,36T
Rams,13,12,1,2,4,2018,18,3,290,50T
Chiefs,23,12,1,3,6,2018,15,3,280,67
Jaguars,7,6,0,0,5,2018,11,2,117,33T
Colts,15,11,0,7,5,2018,15,0,220,47
Texans,20,14,1,6,6,2018,15,3,252,101T
Titans,12,6,0,4,2,2018,11,2,120,56T
Packers,10,8,0,3,6,2018,7,1,100,27
Lions,10,7,0,2,5,2018,7,2,148,67T
Broncos,13,10,0,3,6,2018,17,2,158,53T
Cowboys,14,11,1,5,7,2018,9,0,141,49
Browns,18,14,0,8,6,2018,17,0,100,50
Bengals,10,6,2,3,3,2018,12,3,222,58T
Bears,18,9,1,4,5,2018,27,5,330,49T
Panthers,13,9,1,2,9,2018,13,0,86,39
Bills,21,11,0,4,10,2018,16,0,133,37
Ravens,9,5,3,4,2,2018,12,0,99,33
Falcons,8,4,1,1,10,2018,15,1,151,41T
Redskins,16,9,0,3,8,2019,13,0,106,33
Buccaneers,21,16,4,5,6,2019,12,2,201,70T
Seahawks,19,16,1,7,5,2019,16,2,161,55T
49ers,23,15,2,7,9,2019,12,3,286,49
Chargers,6,3,0,1,7,2019,11,0,74,37
Steelers,22,18,2,3,14,2019,20,1,235,96T
Cardinals,19,10,0,5,3,2019,7,0,82,48
Eagles,15,9,2,3,8,2019,11,1,159,51T
Jets,10,9,2,2,8,2019,12,3,138,61T
Giants,9,6,1,3,8,2019,10,1,171,62
Saints,11,10,1,2,7,2019,13,2,140,55T
Patriots,15,11,2,6,5,2019,25,3,353,69T
Vikings,19,14,1,9,3,2019,17,1,95,21
Dolphins,9,3,0,2,8,2019,13,1,190,35T
Raiders,9,6,0,2,3,2019,9,2,214,59
Rams,15,11,2,5,8,2019,13,2,137,32T
Chiefs,13,7,2,2,6,2019,16,1,141,46T
Jaguars,13,9,1,2,6,2019,10,1,132,35
Colts,14,8,0,4,4,2019,15,1,167,80T
Texans,14,10,0,1,4,2019,12,2,302,86
Titans,11,9,2,3,5,2019,14,1,158,38T
Packers,12,7,0,4,10,2019,17,0,177,39
Lions,16,11,1,5,7,2019,7,0,76,55
Broncos,9,6,1,5,1,2019,10,0,87,24
Cowboys,14,10,1,3,7,2019,7,0,83,29
Browns,12,6,0,3,10,2019,14,1,219,61T
Bengals,9,5,0,4,5,2019,11,0,181,34
Bears,12,9,0,4,5,2019,10,1,157,59
Panthers,8,7,1,0,5,2019,14,0,141,37
Bills,16,9,0,9,6,2019,14,0,59,49
Ravens,15,12,4,6,5,2019,13,2,259,89T
Falcons,17,8,1,3,10,2019,12,1,130,27T
