Team,Rec,Yds,Yds/Rec,TD,20+,40+,Lng,Rec 1st,Rec 1st%,Rec FUM,Year
Redskins,182,2391,13.1,13,0,0,0,0,0,0,1971
49ers,209,2688,12.9,18,0,0,0,0,0,0,1971
Chargers,244,3305,13.5,23,0,0,0,0,0,0,1971
Steelers,214,2446,11.4,15,0,0,0,0,0,0,1971
Cardinals,170,2656,15.6,14,0,0,0,0,0,0,1971
Eagles,200,2552,12.8,13,0,0,0,0,0,0,1971
Jets,119,1556,13.1,15,0,0,0,0,0,0,1971
Giants,268,3062,11.4,14,0,0,0,0,0,0,1971
Saints,182,2355,12.9,12,0,0,0,0,0,0,1971
Patriots,159,2206,13.9,19,0,0,0,0,0,0,1971
Vikings,157,1910,12.2,9,0,0,0,0,0,0,1971
Dolphins,156,2248,14.4,20,0,0,0,0,0,0,1971
Raiders,174,2363,13.6,21,0,0,0,0,0,0,1971
Rams,185,2304,12.5,18,0,0,0,0,0,0,1971
Chiefs,183,2694,14.7,15,0,0,0,0,0,0,1971
Colts,176,2152,12.2,10,0,0,0,0,0,0,1971
Oilers,194,2643,13.6,12,0,0,0,0,0,0,1971
Packers,121,1842,15.2,12,0,0,0,0,0,0,1971
Lions,157,2453,15.6,17,0,0,0,0,0,0,1971
Broncos,175,2243,12.8,8,0,0,0,0,0,0,1971
Cowboys,206,3037,14.7,22,0,0,0,0,0,0,1971
Browns,188,2521,13.4,14,0,0,0,0,0,0,1971
Bengals,214,2427,11.3,15,0,0,0,0,0,0,1971
Bears,186,2294,12.3,12,0,0,0,0,0,0,1971
Bills,202,2410,11.9,12,0,0,0,0,0,0,1971
Falcons,167,2495,14.9,16,0,0,0,0,0,0,1971
Redskins,159,2281,14.3,21,0,0,0,0,0,0,1972
49ers,217,2888,13.3,27,0,0,0,0,0,0,1972
Chargers,192,2516,13.1,15,0,0,0,0,0,0,1972
Steelers,156,1958,12.6,12,0,0,0,0,0,0,1972
Cardinals,171,2259,13.2,11,0,0,0,0,0,0,1972
Eagles,184,2527,13.7,10,0,0,0,0,0,0,1972
Jets,172,2930,17,21,0,0,0,0,0,0,1972
Giants,206,2537,12.3,20,0,0,0,0,0,0,1972
Saints,230,2781,12.1,18,0,0,0,0,0,0,1972
Patriots,198,2579,13,10,0,0,0,0,0,0,1972
Vikings,218,2726,12.5,19,0,0,0,0,0,0,1972
Dolphins,144,2235,15.5,17,0,0,0,0,0,0,1972
Raiders,198,2599,13.1,23,0,0,0,0,0,0,1972
Rams,184,2282,12.4,13,0,0,0,0,0,0,1972
Chiefs,217,2335,10.8,20,0,0,0,0,0,0,1972
Colts,203,2503,12.3,15,0,0,0,0,0,0,1972
Oilers,181,2045,11.3,10,0,0,0,0,0,0,1972
Packers,101,1536,15.2,7,0,0,0,0,0,0,1972
Lions,155,2283,14.7,19,0,0,0,0,0,0,1972
Broncos,201,2900,14.4,19,0,0,0,0,0,0,1972
Cowboys,196,2580,13.2,16,0,0,0,0,0,0,1972
Browns,158,2135,13.5,13,0,0,0,0,0,0,1972
Bengals,219,2513,11.5,10,0,0,0,0,0,0,1972
Bears,78,1283,16.4,9,0,0,0,0,0,0,1972
Bills,164,2012,12.3,16,0,0,0,0,0,0,1972
Falcons,157,2202,14,13,0,0,0,0,0,0,1972
Redskins,209,2560,12.2,20,0,0,0,0,0,0,1973
49ers,233,2645,11.4,9,0,0,0,0,0,0,1973
Chargers,161,2129,13.2,9,0,0,0,0,0,0,1973
Steelers,140,2157,15.4,20,0,0,0,0,0,0,1973
Cardinals,210,2592,12.3,16,0,0,0,0,0,0,1973
Eagles,275,3236,11.8,23,0,0,0,0,0,0,1973
Jets,181,2353,13,16,0,0,0,0,0,0,1973
Giants,230,2762,12,14,0,0,0,0,0,0,1973
Saints,163,1901,11.7,11,0,0,0,0,0,0,1973
Patriots,195,2581,13.2,13,0,0,0,0,0,0,1973
Vikings,179,2234,12.5,16,0,0,0,0,0,0,1973
Dolphins,133,1675,12.6,17,0,0,0,0,0,0,1973
Raiders,205,2611,12.7,16,0,0,0,0,0,0,1973
Rams,144,2107,14.6,22,0,0,0,0,0,0,1973
Chiefs,173,2039,11.8,10,0,0,0,0,0,0,1973
Colts,137,1746,12.7,14,0,0,0,0,0,0,1973
Oilers,225,2370,10.5,11,0,0,0,0,0,0,1973
Packers,119,1503,12.6,7,0,0,0,0,0,0,1973
Lions,171,2105,12.3,12,0,0,0,0,0,0,1973
Broncos,196,2706,13.8,22,0,0,0,0,0,0,1973
Cowboys,192,2602,13.6,26,0,0,0,0,0,0,1973
Browns,152,1741,11.5,10,0,0,0,0,0,0,1973
Bengals,180,2439,13.6,18,0,0,0,0,0,0,1973
Bears,136,1617,11.9,8,0,0,0,0,0,0,1973
Bills,96,1236,12.9,4,0,0,0,0,0,0,1973
Falcons,168,2362,14.1,14,0,0,0,0,0,0,1973
Redskins,254,2978,11.7,22,0,0,0,0,0,0,1974
49ers,170,2281,13.4,15,0,0,0,0,0,0,1974
Chargers,165,2479,15,12,0,0,0,0,0,0,1974
Steelers,166,2154,13,12,0,0,0,0,0,0,1974
Cardinals,201,2492,12.4,20,0,0,0,0,0,0,1974
Eagles,258,2531,9.8,14,0,0,0,0,0,0,1974
Jets,194,2631,13.6,20,0,0,0,0,0,0,1974
Giants,207,2349,11.3,12,0,0,0,0,0,0,1974
Saints,185,2037,11,10,0,0,0,0,0,0,1974
Patriots,177,2514,14.2,19,0,0,0,0,0,0,1974
Vikings,234,2909,12.4,22,0,0,0,0,0,0,1974
Dolphins,171,2313,13.5,18,0,0,0,0,0,0,1974
Raiders,186,2561,13.8,28,0,0,0,0,0,0,1974
Rams,169,2368,14,16,0,0,0,0,0,0,1974
Chiefs,211,2421,11.5,11,0,0,0,0,0,0,1974
Colts,221,2424,11,9,0,0,0,0,0,0,1974
Oilers,203,2275,11.2,12,0,0,0,0,0,0,1974
Packers,187,2162,11.6,5,0,0,0,0,0,0,1974
Lions,216,2475,11.5,11,0,0,0,0,0,0,1974
Broncos,184,2660,14.5,18,0,0,0,0,0,0,1974
Cowboys,206,2856,13.9,14,0,0,0,0,0,0,1974
Browns,179,2129,11.9,12,0,0,0,0,0,0,1974
Bengals,224,2804,12.5,18,0,0,0,0,0,0,1974
Bears,185,2079,11.2,8,0,0,0,0,0,0,1974
Bills,128,1728,13.5,14,0,0,0,0,0,0,1974
Falcons,160,1781,11.1,4,0,0,0,0,0,0,1974
Redskins,229,3092,13.5,28,0,0,96T,0,0,0,1975
49ers,234,2806,12,15,0,0,68T,0,0,0,1975
Chargers,165,1998,12.1,7,0,0,57,0,0,0,1975
Steelers,191,2544,13.3,21,0,0,59,0,0,0,1975
Cardinals,187,2619,14,20,0,0,80T,0,0,0,1975
Eagles,238,2640,11.1,19,0,0,62T,0,0,0,1975
Jets,174,2468,14.2,16,0,0,91,0,0,0,1975
Giants,193,2457,12.7,11,0,0,56,0,0,0,1975
Saints,181,1961,10.8,8,0,0,71T,0,0,0,1975
Patriots,193,2768,14.3,16,0,0,76,0,0,0,1975
Vikings,281,3121,11.1,27,0,0,46,0,0,0,1975
Dolphins,170,2196,12.9,19,0,0,79T,0,0,0,1975
Raiders,196,2625,13.4,19,0,0,53,0,0,0,1975
Rams,181,2450,13.5,14,0,0,54T,0,0,0,1975
Chiefs,217,2785,12.8,15,0,0,69T,0,0,0,1975
Colts,211,2606,12.4,19,0,0,90T,0,0,0,1975
Oilers,165,2099,12.7,14,0,0,77T,0,0,0,1975
Packers,212,2400,11.3,11,0,0,56,0,0,0,1975
Lions,183,2240,12.2,15,0,0,65T,0,0,0,1975
Broncos,210,2900,13.8,15,0,0,90T,0,0,0,1975
Cowboys,207,2835,13.7,19,0,0,62,0,0,0,1975
Browns,220,2297,10.4,7,0,0,48,0,0,0,1975
Bengals,255,3497,13.7,23,0,0,55,0,0,0,1975
Bears,191,2169,11.4,9,0,0,57,0,0,0,1975
Bills,182,2661,14.6,28,0,0,77T,0,0,0,1975
Falcons,165,2361,14.3,18,0,0,68,0,0,0,1975
Redskins,187,2288,12.2,20,0,0,53T,0,0,0,1976
Buccaneers,181,1926,10.6,9,0,0,49,0,0,0,1976
Seahawks,229,2874,12.6,13,0,0,80T,0,0,0,1976
49ers,155,1963,12.7,15,0,0,85T,0,0,0,1976
Chargers,223,2687,12,17,0,0,81T,0,0,0,1976
Steelers,143,1935,13.5,10,0,0,64,0,0,0,1976
Cardinals,220,2967,13.5,18,0,0,77T,0,0,0,1976
Eagles,182,1844,10.1,11,0,0,48T,0,0,0,1976
Jets,180,1989,11.1,7,0,0,44T,0,0,0,1976
Giants,175,2104,12,9,0,0,63T,0,0,0,1976
Saints,206,2353,11.4,8,0,0,74,0,0,0,1976
Patriots,146,1910,13.1,18,0,0,58T,0,0,0,1976
Vikings,270,3117,11.5,17,0,0,56T,0,0,0,1976
Dolphins,193,2604,13.5,15,0,0,67T,0,0,0,1976
Raiders,232,3195,13.8,33,0,0,88T,0,0,0,1976
Rams,171,2629,15.4,17,0,0,80T,0,0,0,1976
Chiefs,229,3303,14.4,15,0,0,57,0,0,0,1976
Colts,215,3221,15,24,0,0,79T,0,0,0,1976
Oilers,227,2429,10.7,17,0,0,69T,0,0,0,1976
Packers,164,2105,12.8,10,0,0,69T,0,0,0,1976
Lions,201,2630,13.1,20,0,0,74T,0,0,0,1976
Broncos,168,2510,14.9,15,0,0,71T,0,0,0,1976
Cowboys,222,2967,13.4,17,0,0,56,0,0,0,1976
Browns,209,2399,11.5,21,0,0,52,0,0,0,1976
Bengals,187,2443,13.1,21,0,0,85T,0,0,0,1976
Bears,123,1705,13.9,9,0,0,63T,0,0,0,1976
Bills,156,2084,13.4,16,0,0,58T,0,0,0,1976
Falcons,157,1809,11.5,10,0,0,50T,0,0,0,1976
Redskins,183,2284,12.5,15,0,0,59T,0,0,0,1977
Buccaneers,131,1714,13.1,3,0,0,67T,0,0,0,1977
Seahawks,175,2459,14.1,23,0,0,82T,0,0,0,1977
49ers,136,1797,13.2,9,0,0,47T,0,0,0,1977
Chargers,206,2442,11.9,11,0,0,78,0,0,0,1977
Steelers,173,2632,15.2,17,0,0,65T,0,0,0,1977
Cardinals,195,2608,13.4,14,0,0,69T,0,0,0,1977
Eagles,167,2198,13.2,18,0,0,55T,0,0,0,1977
Jets,170,2286,13.4,14,0,0,87T,0,0,0,1977
Giants,134,1762,13.1,6,0,0,82,0,0,0,1977
Saints,166,1933,11.6,13,0,0,59T,0,0,0,1977
Patriots,160,2162,13.5,17,0,0,68,0,0,0,1977
Vikings,228,2692,11.8,19,0,0,69T,0,0,0,1977
Dolphins,182,2264,12.4,22,0,0,73T,0,0,0,1977
Raiders,184,2338,12.7,21,0,0,44T,0,0,0,1977
Rams,182,2253,12.4,16,0,0,58,0,0,0,1977
Chiefs,190,2514,13.2,11,0,0,63,0,0,0,1977
Colts,224,2686,12,17,0,0,78T,0,0,0,1977
Oilers,181,2107,11.6,14,0,0,85T,0,0,0,1977
Packers,164,2013,12.3,6,0,0,95T,0,0,0,1977
Lions,191,1959,10.3,7,0,0,61,0,0,0,1977
Broncos,163,2265,13.9,15,0,0,81T,0,0,0,1977
Cowboys,215,2689,12.5,18,0,0,67,0,0,0,1977
Browns,208,2374,11.4,19,0,0,60,0,0,0,1977
Bengals,192,2550,13.3,12,0,0,94T,0,0,0,1977
Bears,161,2070,12.9,11,0,0,75T,0,0,0,1977
Bills,221,2803,12.7,12,0,0,42,0,0,0,1977
Falcons,140,1740,12.4,8,0,0,73T,0,0,0,1977
Redskins,212,2978,14,17,0,0,63,0,0,0,1978
Buccaneers,151,2171,14.4,12,0,0,66,0,0,0,1978
Seahawks,261,3401,13,15,0,0,64T,0,0,0,1978
49ers,190,2306,12.1,9,0,0,58T,0,0,0,1978
Chargers,271,3566,13.2,26,0,0,55T,0,0,0,1978
Steelers,212,2961,14,28,0,0,70,0,0,0,1978
Cardinals,252,3357,13.3,16,0,0,74,0,0,0,1978
Eagles,207,2485,12,16,0,0,56T,0,0,0,1978
Jets,193,2957,15.3,19,0,0,77T,0,0,0,1978
Giants,176,2428,13.8,13,0,0,67T,0,0,0,1978
Saints,294,3452,11.7,17,0,0,71T,0,0,0,1978
Patriots,196,3006,15.3,15,0,0,75T,0,0,0,1978
Vikings,352,3528,10,25,0,0,58T,0,0,0,1978
Dolphins,226,2707,12,24,0,0,63T,0,0,0,1978
Raiders,251,3095,12.3,16,0,0,49,0,0,0,1978
Rams,236,3109,13.2,13,0,0,68T,0,0,0,1978
Chiefs,204,2032,10,7,0,0,44,0,0,0,1978
Colts,202,2543,12.6,17,0,0,78T,0,0,0,1978
Oilers,201,2473,12.3,16,0,0,80T,0,0,0,1978
Packers,180,2358,13.1,11,0,0,58T,0,0,0,1978
Lions,247,2746,11.1,19,0,0,47,0,0,0,1978
Broncos,217,2710,12.5,17,0,0,42T,0,0,0,1978
Cowboys,251,3405,13.6,25,0,0,91T,0,0,0,1978
Browns,236,3137,13.3,22,0,0,69T,0,0,0,1978
Bengals,250,3039,12.2,14,0,0,57,0,0,0,1978
Bears,186,2221,11.9,7,0,0,61,0,0,0,1978
Bills,203,2503,12.3,21,0,0,92T,0,0,0,1978
Falcons,221,2883,13,11,0,0,71,0,0,0,1978
Redskins,235,2839,12.1,20,0,0,62,0,0,0,1979
Buccaneers,183,2700,14.8,19,0,0,66T,0,0,0,1979
Seahawks,292,3791,13,20,0,0,65T,0,0,0,1979
49ers,361,3760,10.4,18,0,0,50,0,0,0,1979
Chargers,338,4138,12.2,24,0,0,65T,0,0,0,1979
Steelers,272,3877,14.3,26,0,0,65T,0,0,0,1979
Cardinals,248,2870,11.6,12,0,0,78T,0,0,0,1979
Eagles,209,2882,13.8,21,0,0,53T,0,0,0,1979
Jets,190,2864,15.1,16,0,0,72T,0,0,0,1979
Giants,190,2419,12.7,15,0,0,61,0,0,0,1979
Saints,257,3291,12.8,16,0,0,85,0,0,0,1979
Patriots,237,3600,15.2,30,0,0,63T,0,0,0,1979
Vikings,315,3397,10.8,23,0,0,55T,0,0,0,1979
Dolphins,235,3018,12.8,20,0,0,53,0,0,0,1979
Raiders,311,3704,11.9,27,0,0,66T,0,0,0,1979
Rams,242,3032,12.5,19,0,0,71T,0,0,0,1979
Chiefs,190,1953,10.3,7,0,0,40,0,0,0,1979
Colts,313,3575,11.4,18,0,0,67T,0,0,0,1979
Oilers,195,2494,12.8,17,0,0,55T,0,0,0,1979
Packers,240,3057,12.7,15,0,0,78T,0,0,0,1979
Lions,218,2775,12.7,14,0,0,82,0,0,0,1979
Broncos,260,3433,13.2,18,0,0,64T,0,0,0,1979
Cowboys,287,3883,13.5,29,0,0,75T,0,0,0,1979
Browns,289,3838,13.3,28,0,0,74,0,0,0,1979
Bengals,228,2821,12.4,17,0,0,73T,0,0,0,1979
Bears,195,2429,12.5,16,0,0,68T,0,0,0,1979
Bills,241,3603,15,14,0,0,84T,0,0,0,1979
Falcons,251,3127,12.5,19,0,0,57,0,0,0,1979
Redskins,284,3171,11.2,17,0,0,54T,0,0,0,1980
Buccaneers,256,3414,13.3,20,0,0,61,0,0,0,1980
Seahawks,287,3494,12.2,18,0,0,67T,0,0,0,1980
49ers,363,3799,10.5,27,0,0,93T,0,0,0,1980
Chargers,350,4741,13.5,30,0,0,65,0,0,0,1980
Steelers,250,3832,15.3,26,0,0,72,0,0,0,1980
Cardinals,239,3063,12.8,16,0,0,69T,0,0,0,1980
Eagles,275,3771,13.7,28,0,0,56T,0,0,0,1980
Jets,265,3335,12.6,17,0,0,55,0,0,0,1980
Giants,245,2931,12,19,0,0,58T,0,0,0,1980
Saints,334,4010,12,26,0,0,56,0,0,0,1980
Patriots,240,3395,14.1,27,0,0,71,0,0,0,1980
Vikings,331,3934,11.9,22,0,0,76T,0,0,0,1980
Dolphins,267,2953,11.1,21,0,0,61,0,0,0,1980
Raiders,235,3294,14,23,0,0,86T,0,0,0,1980
Rams,261,3441,13.2,31,0,0,74T,0,0,0,1980
Chiefs,237,2869,12.1,15,0,0,77,0,0,0,1980
Colts,272,3409,12.5,25,0,0,47,0,0,0,1980
Oilers,296,3271,11.1,15,0,0,79T,0,0,0,1980
Packers,289,3651,12.6,15,0,0,69T,0,0,0,1980
Lions,248,3287,13.3,13,0,0,87T,0,0,0,1980
Broncos,262,3107,11.9,14,0,0,52,0,0,0,1980
Cowboys,265,3356,12.7,30,0,0,58T,0,0,0,1980
Browns,337,4132,12.3,30,0,0,65,0,0,0,1980
Bengals,281,3102,11,17,0,0,67T,0,0,0,1980
Bears,209,2669,12.8,13,0,0,89T,0,0,0,1980
Bills,262,2936,11.2,20,0,0,69,0,0,0,1980
Falcons,259,3568,13.8,31,0,0,81T,0,0,0,1980
Redskins,307,3743,12.2,19,0,0,79T,0,0,0,1981
Buccaneers,239,3565,14.9,20,0,0,84T,0,0,0,1981
Seahawks,307,3727,12.1,21,0,0,80T,0,0,0,1981
49ers,328,3766,11.5,20,0,0,78T,0,0,0,1981
Chargers,368,4873,13.2,34,0,0,67T,0,0,0,1981
Steelers,247,3457,14,25,0,0,90T,0,0,0,1981
Cardinals,253,3269,12.9,15,0,0,75,0,0,0,1981
Eagles,258,3249,12.6,25,0,0,85T,0,0,0,1981
Jets,283,3279,11.6,26,0,0,49,0,0,0,1981
Giants,251,3009,12,16,0,0,80,0,0,0,1981
Saints,238,2778,11.7,8,0,0,55,0,0,0,1981
Patriots,254,3904,15.4,17,0,0,76T,0,0,0,1981
Vikings,382,4567,12,27,0,0,63,0,0,0,1981
Dolphins,271,3385,12.5,18,0,0,69T,0,0,0,1981
Raiders,267,3356,12.6,18,0,0,66T,0,0,0,1981
Rams,235,3008,12.8,15,0,0,67T,0,0,0,1981
Chiefs,224,2917,13,12,0,0,64T,0,0,0,1981
Colts,265,3379,12.8,21,0,0,67T,0,0,0,1981
Oilers,258,3119,12.1,21,0,0,71T,0,0,0,1981
Packers,286,3576,12.5,24,0,0,75T,0,0,0,1981
Lions,228,3475,15.2,18,0,0,94T,0,0,0,1981
Broncos,289,3992,13.8,27,0,0,95T,0,0,0,1981
Cowboys,241,3414,14.2,24,0,0,73T,0,0,0,1981
Browns,348,4339,12.5,21,0,0,62,0,0,0,1981
Bengals,332,4200,12.7,30,0,0,74T,0,0,0,1981
Bears,222,2728,12.3,14,0,0,85T,0,0,0,1981
Bills,253,3661,14.5,25,0,0,67T,0,0,0,1981
Falcons,311,3986,12.8,30,0,0,70T,0,0,0,1981
Redskins,162,2068,12.8,13,0,0,78T,0,0,0,1982
Buccaneers,164,2071,12.6,9,0,0,62T,0,0,0,1982
Seahawks,176,2068,11.8,9,0,0,50,0,0,0,1982
49ers,215,2668,12.4,17,0,0,55,0,0,0,1982
Chargers,208,3021,14.5,19,0,0,66T,0,0,0,1982
Steelers,141,1922,13.6,17,0,0,74T,0,0,0,1982
Cardinals,129,1576,12.2,6,0,0,42,0,0,0,1982
Eagles,168,2100,12.5,12,0,0,57,0,0,0,1982
Jets,165,2107,12.8,16,0,0,56T,0,0,0,1982
Giants,161,2017,12.5,10,0,0,47,0,0,0,1982
Saints,137,1571,11.5,8,0,0,48,0,0,0,1982
Patriots,93,1420,15.3,12,0,0,75T,0,0,0,1982
Vikings,187,2105,11.3,15,0,0,65,0,0,0,1982
Dolphins,129,1401,10.9,8,0,0,46,0,0,0,1982
Raiders,154,2086,13.5,14,0,0,52,0,0,0,1982
Rams,166,2136,12.9,11,0,0,85T,0,0,0,1982
Chiefs,145,1864,12.9,10,0,0,51,0,0,0,1982
Colts,142,1613,11.4,6,0,0,53T,0,0,0,1982
Oilers,153,1882,12.3,12,0,0,54T,0,0,0,1982
Packers,143,2068,14.5,12,0,0,80T,0,0,0,1982
Lions,136,1754,12.9,12,0,0,70T,0,0,0,1982
Broncos,181,2019,11.2,8,0,0,51T,0,0,0,1982
Cowboys,160,2150,13.4,16,0,0,49,0,0,0,1982
Browns,174,2057,11.8,9,0,0,56T,0,0,0,1982
Bengals,219,2501,11.4,12,0,0,56T,0,0,0,1982
Bears,141,1749,12.4,10,0,0,50T,0,0,0,1982
Bills,149,1671,11.2,8,0,0,47,0,0,0,1982
Falcons,176,1992,11.3,9,0,0,86T,0,0,0,1982
Redskins,278,3765,13.5,29,0,0,84,0,0,0,1983
Buccaneers,300,3490,11.6,18,0,0,80,0,0,0,1983
Seahawks,251,3316,13.2,25,0,0,50T,0,0,0,1983
49ers,339,4021,11.9,27,0,0,77T,0,0,0,1983
Chargers,369,4891,13.3,27,0,0,59T,0,0,0,1983
Steelers,211,2754,13.1,15,0,0,52,0,0,0,1983
Cardinals,267,3309,12.4,29,0,0,71T,0,0,0,1983
Eagles,252,3532,14,22,0,0,83T,0,0,0,1983
Jets,330,3742,11.3,21,0,0,64T,0,0,0,1983
Giants,284,3854,13.6,12,0,0,62,0,0,0,1983
Saints,243,2782,11.4,14,0,0,48,0,0,0,1983
Patriots,220,3040,13.8,16,0,0,76T,0,0,0,1983
Vikings,310,3514,11.3,15,0,0,68,0,0,0,1983
Dolphins,254,3235,12.7,28,0,0,85T,0,0,0,1983
Raiders,301,3910,13,31,0,0,99T,0,0,0,1983
Rams,286,3411,11.9,23,0,0,61T,0,0,0,1983
Chiefs,369,4684,12.7,29,0,0,53,0,0,0,1983
Colts,188,2663,14.2,12,0,0,72T,0,0,0,1983
Oilers,260,3286,12.6,16,0,0,66,0,0,0,1983
Packers,311,4688,15.1,33,0,0,75T,0,0,0,1983
Lions,263,3297,12.5,19,0,0,80T,0,0,0,1983
Broncos,254,3466,13.6,17,0,0,78T,0,0,0,1983
Cowboys,346,4156,12,31,0,0,80T,0,0,0,1983
Browns,324,3932,12.1,27,0,0,66T,0,0,0,1983
Bengals,290,3492,12,14,0,0,80T,0,0,0,1983
Bears,255,3461,13.6,21,0,0,87T,0,0,0,1983
Bills,317,3438,10.8,30,0,0,43T,0,0,0,1983
Falcons,321,3793,11.8,24,0,0,76T,0,0,0,1983
Redskins,286,3417,11.9,24,0,0,80T,0,0,0,1984
Buccaneers,334,3907,11.7,22,0,0,74T,0,0,0,1984
Seahawks,283,3751,13.3,32,0,0,80T,0,0,0,1984
49ers,312,4079,13.1,32,0,0,80T,0,0,0,1984
Chargers,401,4928,12.3,25,0,0,88T,0,0,0,1984
Steelers,240,3519,14.7,25,0,0,80T,0,0,0,1984
Cardinals,347,4634,13.4,28,0,0,83T,0,0,0,1984
Eagles,331,3823,11.5,19,0,0,90T,0,0,0,1984
Jets,272,3341,12.3,20,0,0,49,0,0,0,1984
Giants,288,4066,14.1,22,0,0,65T,0,0,0,1984
Saints,246,3198,13,21,0,0,74,0,0,0,1984
Patriots,292,3685,12.6,26,0,0,76T,0,0,0,1984
Vikings,281,3337,11.9,18,0,0,70T,0,0,0,1984
Dolphins,367,5146,14,49,0,0,80T,0,0,0,1984
Raiders,266,3718,14,21,0,0,92,0,0,0,1984
Rams,176,2382,13.5,16,0,0,68,0,0,0,1984
Chiefs,305,3869,12.7,21,0,0,65T,0,0,0,1984
Colts,206,2543,12.3,13,0,0,74T,0,0,0,1984
Oilers,282,3610,12.8,14,0,0,76,0,0,0,1984
Packers,281,3740,13.3,30,0,0,79T,0,0,0,1984
Lions,298,3787,12.7,19,0,0,77T,0,0,0,1984
Broncos,263,3116,11.8,22,0,0,73,0,0,0,1984
Cowboys,322,3995,12.4,19,0,0,68T,0,0,0,1984
Browns,273,3490,12.8,14,0,0,64,0,0,0,1984
Bengals,306,3659,12,17,0,0,80T,0,0,0,1984
Bears,226,2695,11.9,14,0,0,61T,0,0,0,1984
Bills,298,3252,10.9,18,0,0,70T,0,0,0,1984
Falcons,294,3546,12.1,14,0,0,61,0,0,0,1984
Redskins,280,3243,11.6,13,0,0,55,0,0,0,1985
Buccaneers,269,3423,12.7,22,0,0,59,0,0,0,1985
Seahawks,304,3820,12.6,28,0,0,54,0,0,0,1985
49ers,331,3987,12,28,0,0,73,0,0,0,1985
Chargers,386,5175,13.4,37,0,0,75T,0,0,0,1985
Steelers,254,3397,13.4,23,0,0,69,0,0,0,1985
Cardinals,296,3581,12.1,19,0,0,47,0,0,0,1985
Eagles,290,4036,13.9,19,0,0,99T,0,0,0,1985
Jets,303,3983,13.1,25,0,0,96T,0,0,0,1985
Giants,275,3829,13.9,22,0,0,70T,0,0,0,1985
Saints,260,3257,12.5,20,0,0,76T,0,0,0,1985
Patriots,255,3483,13.7,20,0,0,90T,0,0,0,1985
Vikings,311,3931,12.6,22,0,0,57T,0,0,0,1985
Dolphins,343,4278,12.5,31,0,0,73,0,0,0,1985
Raiders,269,3481,12.9,20,0,0,59,0,0,0,1985
Rams,234,2872,12.3,16,0,0,64T,0,0,0,1985
Chiefs,267,3726,14,23,0,0,84T,0,0,0,1985
Colts,235,2811,12,15,0,0,80T,0,0,0,1985
Oilers,277,3523,12.7,18,0,0,80T,0,0,0,1985
Packers,267,3552,13.3,21,0,0,63,0,0,0,1985
Lions,254,3316,13.1,19,0,0,56,0,0,0,1985
Broncos,329,3952,12,23,0,0,65T,0,0,0,1985
Cowboys,344,4236,12.3,27,0,0,58T,0,0,0,1985
Browns,222,2885,13,17,0,0,72T,0,0,0,1985
Bengals,302,4082,13.5,31,0,0,71,0,0,0,1985
Bears,237,3303,13.9,17,0,0,70T,0,0,0,1985
Bills,263,3331,12.7,9,0,0,60T,0,0,0,1985
Falcons,254,3025,11.9,13,0,0,62T,0,0,0,1985
Redskins,276,4109,14.9,22,0,0,71T,0,0,0,1986
Buccaneers,245,2892,11.8,13,0,0,46,0,0,0,1986
Seahawks,268,3424,12.8,24,0,0,72T,0,0,0,1986
49ers,353,4299,12.2,21,0,0,66T,0,0,0,1986
Chargers,339,4045,11.9,21,0,0,65T,0,0,0,1986
Steelers,238,2747,11.5,16,0,0,58,0,0,0,1986
Cardinals,293,3140,10.7,17,0,0,48T,0,0,0,1986
Eagles,268,3248,12.1,19,0,0,75T,0,0,0,1986
Jets,334,4032,12.1,27,0,0,83T,0,0,0,1986
Giants,260,3500,13.5,22,0,0,49,0,0,0,1986
Saints,232,2893,12.5,13,0,0,84,0,0,0,1986
Patriots,340,4321,12.7,29,0,0,69T,0,0,0,1986
Vikings,290,4185,14.4,31,0,0,76T,0,0,0,1986
Dolphins,392,4898,12.5,46,0,0,85T,0,0,0,1986
Raiders,281,3973,14.1,27,0,0,81T,0,0,0,1986
Rams,194,2380,12.3,15,0,0,65T,0,0,0,1986
Chiefs,257,3122,12.1,23,0,0,70T,0,0,0,1986
Colts,300,3615,12.1,16,0,0,84T,0,0,0,1986
Oilers,288,3843,13.3,14,0,0,81T,0,0,0,1986
Packers,305,3708,12.2,18,0,0,62,0,0,0,1986
Lions,286,3107,10.9,18,0,0,73,0,0,0,1986
Broncos,306,3811,12.5,22,0,0,53,0,0,0,1986
Cowboys,319,4003,12.5,21,0,0,84T,0,0,0,1986
Browns,315,4018,12.8,18,0,0,72T,0,0,0,1986
Bengals,287,4160,14.5,25,0,0,57,0,0,0,1986
Bears,208,2912,14,12,0,0,85,0,0,0,1986
Bills,294,3697,12.6,22,0,0,84T,0,0,0,1986
Falcons,246,3046,12.4,14,0,0,65,0,0,0,1986
Redskins,247,3718,15.1,27,0,0,88T,0,0,0,1987
Buccaneers,264,3377,12.8,22,0,0,64T,0,0,0,1987
Seahawks,237,3028,12.8,31,0,0,75T,0,0,0,1987
49ers,322,3955,12.3,44,0,0,57T,0,0,0,1987
Chargers,303,3602,11.9,13,0,0,67,0,0,0,1987
Steelers,198,2464,12.4,13,0,0,63,0,0,0,1987
Cardinals,305,3850,12.6,25,0,0,57,0,0,0,1987
Eagles,283,3561,12.6,26,0,0,70T,0,0,0,1987
Jets,302,3402,11.3,18,0,0,59,0,0,0,1987
Giants,265,3645,13.8,26,0,0,63T,0,0,0,1987
Saints,227,2987,13.2,23,0,0,82T,0,0,0,1987
Patriots,236,2929,12.4,22,0,0,45,0,0,0,1987
Vikings,232,3185,13.7,21,0,0,73T,0,0,0,1987
Dolphins,338,3977,11.8,29,0,0,59T,0,0,0,1987
Raiders,247,3429,13.9,19,0,0,49,0,0,0,1987
Rams,220,2750,12.5,16,0,0,81T,0,0,0,1987
Chiefs,236,2985,12.6,17,0,0,81T,0,0,0,1987
Colts,255,3042,11.9,16,0,0,72T,0,0,0,1987
Oilers,240,3534,14.7,24,0,0,83T,0,0,0,1987
Packers,234,2977,12.7,15,0,0,70T,0,0,0,1987
Lions,275,3150,11.5,16,0,0,53T,0,0,0,1987
Broncos,285,3874,13.6,24,0,0,72T,0,0,0,1987
Cowboys,288,3594,12.5,19,0,0,77T,0,0,0,1987
Browns,291,3625,12.5,27,0,0,54T,0,0,0,1987
Bengals,255,3468,13.6,17,0,0,61T,0,0,0,1987
Bears,272,3420,12.6,23,0,0,59T,0,0,0,1987
Bills,292,3246,11.1,21,0,0,47,0,0,0,1987
Falcons,247,3108,12.6,17,0,0,57,0,0,0,1987
Redskins,327,4339,13.3,33,0,0,60T,0,0,0,1988
Buccaneers,253,3608,14.3,16,0,0,59T,0,0,0,1988
Seahawks,245,2979,12.2,22,0,0,75T,0,0,0,1988
49ers,293,3675,12.5,21,0,0,96T,0,0,0,1988
Chargers,241,2628,10.9,11,0,0,59,0,0,0,1988
Steelers,226,3307,14.6,15,0,0,89T,0,0,0,1988
Cardinals,322,4191,13,26,0,0,93T,0,0,0,1988
Eagles,309,3927,12.7,25,0,0,80T,0,0,0,1988
Jets,299,3374,11.3,20,0,0,50T,0,0,0,1988
Giants,290,3716,12.8,22,0,0,85T,0,0,0,1988
Saints,286,3256,11.4,21,0,0,40T,0,0,0,1988
Patriots,199,2333,11.7,12,0,0,80T,0,0,0,1988
Vikings,294,4100,13.9,20,0,0,68T,0,0,0,1988
Dolphins,363,4557,12.6,29,0,0,80T,0,0,0,1988
Raiders,219,3503,16,21,0,0,85T,0,0,0,1988
Rams,312,4002,12.8,31,0,0,69T,0,0,0,1988
Chiefs,282,3484,12.4,16,0,0,80T,0,0,0,1988
Colts,222,2865,12.9,15,0,0,58,0,0,0,1988
Oilers,218,3166,14.5,21,0,0,57T,0,0,0,1988
Packers,319,3609,11.3,13,0,0,56,0,0,0,1988
Lions,213,2572,12.1,13,0,0,56,0,0,0,1988
Broncos,324,3941,12.2,24,0,0,86,0,0,0,1988
Cowboys,307,3727,12.1,21,0,0,61T,0,0,0,1988
Browns,313,3686,11.8,19,0,0,77T,0,0,0,1988
Bengals,225,3592,16,28,0,0,86T,0,0,0,1988
Bears,248,3173,12.8,13,0,0,76T,0,0,0,1988
Bills,271,3411,12.6,15,0,0,66T,0,0,0,1988
Falcons,250,2914,11.7,13,0,0,68T,0,0,0,1988
Redskins,337,4476,13.3,24,0,0,80T,0,0,0,1989
Buccaneers,302,3666,12.1,23,0,0,78T,0,0,0,1989
Seahawks,316,3583,11.3,21,0,0,60T,0,0,0,1989
49ers,339,4584,13.5,35,0,0,95T,0,0,0,1989
Chargers,270,3291,12.2,15,0,0,69T,0,0,0,1989
Steelers,210,2662,12.7,10,0,0,79T,0,0,0,1989
Cardinals,279,3659,13.1,17,0,0,77T,0,0,0,1989
Eagles,294,3455,11.8,23,0,0,66T,0,0,0,1989
Jets,338,3892,11.5,14,0,0,63T,0,0,0,1989
Giants,248,3355,13.5,17,0,0,62T,0,0,0,1989
Saints,284,3651,12.9,23,0,0,54T,0,0,0,1989
Patriots,302,3972,13.2,17,0,0,65T,0,0,0,1989
Vikings,272,3468,12.8,17,0,0,50,0,0,0,1989
Dolphins,331,4302,13,26,0,0,78T,0,0,0,1989
Raiders,201,3277,16.3,21,0,0,84T,0,0,0,1989
Rams,308,4369,14.2,29,0,0,78T,0,0,0,1989
Chiefs,259,3220,12.4,14,0,0,50,0,0,0,1989
Colts,253,3134,12.4,18,0,0,82T,0,0,0,1989
Oilers,295,3786,12.8,23,0,0,55,0,0,0,1989
Packers,354,4325,12.2,27,0,0,79T,0,0,0,1989
Lions,229,3282,14.3,11,0,0,75T,0,0,0,1989
Broncos,256,3352,13.1,21,0,0,69,0,0,0,1989
Cowboys,266,3124,11.7,14,0,0,75T,0,0,0,1989
Browns,309,3625,11.7,20,0,0,97T,0,0,0,1989
Bengals,288,3950,13.7,32,0,0,74T,0,0,0,1989
Bears,267,3262,12.2,21,0,0,79T,0,0,0,1989
Bills,281,3831,13.6,32,0,0,78T,0,0,0,1989
Falcons,312,3903,12.5,17,0,0,72T,0,0,0,1989
Redskins,301,3611,12,22,0,0,53T,0,0,0,1990
Buccaneers,245,3282,13.4,18,0,0,89T,0,0,0,1990
Seahawks,265,3194,12.1,15,0,0,63T,0,0,0,1990
49ers,360,4371,12.1,28,0,0,78T,0,0,0,1990
Chargers,246,2840,11.5,18,0,0,45T,0,0,0,1990
Steelers,237,2887,12.2,20,0,0,90,0,0,0,1990
Cardinals,238,3118,13.1,16,0,0,68T,0,0,0,1990
Eagles,281,3582,12.7,34,0,0,95T,0,0,0,1990
Jets,246,3059,12.4,14,0,0,69T,0,0,0,1990
Giants,231,2898,12.5,18,0,0,80T,0,0,0,1990
Saints,226,2757,12.2,15,0,0,68T,0,0,0,1990
Patriots,274,3208,11.7,14,0,0,56,0,0,0,1990
Vikings,265,3445,13,25,0,0,78T,0,0,0,1990
Dolphins,310,3611,11.6,21,0,0,69T,0,0,0,1990
Raiders,183,2885,15.8,19,0,0,68T,0,0,0,1990
Rams,310,4016,13,24,0,0,55T,0,0,0,1990
Chiefs,260,3458,13.3,23,0,0,90T,0,0,0,1990
Colts,269,3297,12.3,22,0,0,75,0,0,0,1990
Oilers,399,5072,12.7,37,0,0,87T,0,0,0,1990
Packers,302,3696,12.2,20,0,0,76T,0,0,0,1990
Lions,242,3328,13.8,24,0,0,68T,0,0,0,1990
Broncos,305,3671,12,15,0,0,66,0,0,0,1990
Cowboys,254,2898,11.4,12,0,0,61T,0,0,0,1990
Browns,301,3407,11.3,13,0,0,50,0,0,0,1990
Bengals,237,3152,13.3,25,0,0,53,0,0,0,1990
Bears,229,2827,12.3,14,0,0,80T,0,0,0,1990
Bills,263,3404,12.9,28,0,0,71,0,0,0,1990
Falcons,293,3726,12.7,21,0,0,75T,0,0,0,1990
Redskins,261,3771,14.4,30,52,15,82T,179,68.6,0,1991
Buccaneers,250,2955,11.8,13,32,2,87T,147,58.8,0,1991
Seahawks,290,3371,11.6,15,34,6,60,159,54.8,0,1991
49ers,325,4167,12.8,29,49,13,97T,197,60.6,0,1991
Chargers,272,2983,11,13,29,5,58,155,57,0,1991
Steelers,259,3313,12.8,20,40,8,89T,158,61,0,1991
Cardinals,254,3039,12,10,32,6,62T,143,56.3,0,1991
Eagles,285,3169,11.1,17,38,7,75T,142,49.8,0,1991
Jets,295,3429,11.6,12,44,4,53,169,57.3,0,1991
Giants,261,3025,11.6,13,39,5,55,148,56.7,0,1991
Saints,292,3419,11.7,20,41,8,65T,157,53.8,0,1991
Patriots,284,3442,12.1,11,46,7,60T,155,54.6,0,1991
Vikings,284,3016,10.6,16,31,6,50,158,55.6,0,1991
Dolphins,327,4077,12.5,26,44,6,54,205,62.7,0,1991
Raiders,220,2977,13.5,20,41,10,80T,132,60,0,1991
Rams,289,3610,12.5,13,44,4,78,180,62.3,0,1991
Chiefs,284,3281,11.6,19,32,6,63,172,60.6,0,1991
Colts,305,3066,10.1,10,33,2,49T,163,53.4,0,1991
Oilers,411,4804,11.7,24,60,8,68T,236,57.4,0,1991
Packers,272,3213,11.8,17,41,2,75T,150,55.1,0,1991
Lions,252,2974,11.8,16,29,3,73T,148,58.7,0,1991
Broncos,246,3310,13.5,13,50,9,71,150,61,0,1991
Cowboys,305,3663,12,16,47,5,66T,191,62.6,0,1991
Browns,312,3547,11.4,19,43,9,71T,163,52.2,0,1991
Bengals,290,3413,11.8,14,41,9,53,162,55.9,0,1991
Bears,286,3292,11.5,16,34,5,84T,168,58.7,0,1991
Bills,332,4140,12.5,39,51,10,77T,208,62.7,0,1991
Falcons,260,3634,14,30,51,11,80T,162,62.3,0,1991
Redskins,272,3339,12.3,15,41,10,62T,160,58.8,3,1992
Buccaneers,299,3399,11.4,17,43,5,81T,165,55.2,3,1992
Seahawks,230,2323,10.1,9,21,1,57,114,49.6,6,1992
49ers,319,4054,12.7,29,61,10,80T,192,60.2,6,1992
Chargers,282,3614,12.8,16,43,11,67T,161,57.1,2,1992
Steelers,249,3046,12.2,15,39,7,51,143,57.4,7,1992
Cardinals,298,3344,11.2,15,36,10,72T,161,54,8,1992
Eagles,255,3054,12,20,39,11,75T,138,54.1,1,1992
Jets,251,2962,11.8,12,36,4,55T,137,54.6,2,1992
Giants,232,2628,11.3,14,38,3,46,119,51.3,5,1992
Saints,251,3297,13.1,19,48,8,72T,155,61.8,5,1992
Patriots,244,2492,10.2,13,26,3,65T,130,53.3,5,1992
Vikings,258,3162,12.3,18,42,7,60T,157,60.9,3,1992
Dolphins,332,4148,12.5,24,45,12,62T,194,58.4,8,1992
Raiders,233,2950,12.7,20,34,7,68T,139,59.7,4,1992
Rams,289,3422,11.8,23,39,6,67T,174,60.2,6,1992
Chiefs,230,3115,13.5,15,44,11,77T,134,58.3,5,1992
Colts,305,3584,11.8,13,44,4,81,174,57,1,1992
Oilers,373,4231,11.3,27,49,8,72,217,58.2,6,1992
Packers,340,3498,10.3,20,31,9,76T,171,50.3,5,1992
Lions,231,3150,13.6,16,35,13,78T,133,57.6,3,1992
Broncos,258,3312,12.8,16,45,11,81T,135,52.3,4,1992
Cowboys,314,3597,11.5,23,40,8,87T,183,58.3,4,1992
Browns,238,3102,13,18,39,12,69T,141,59.2,5,1992
Bengals,227,2284,10.1,16,20,1,83T,114,50.2,3,1992
Bears,266,3334,12.5,17,39,10,83T,157,59,1,1992
Bills,293,3678,12.6,23,42,9,65T,192,65.5,9,1992
Falcons,336,3892,11.6,33,48,6,89T,194,57.7,8,1992
Redskins,287,2764,9.6,11,24,4,54,143,49.8,2,1993
Buccaneers,262,3295,12.6,19,46,11,67T,141,53.8,3,1993
Seahawks,280,2896,10.3,13,33,5,53T,144,51.4,3,1993
49ers,354,4480,12.7,29,61,10,80T,212,59.9,7,1993
Chargers,301,3383,11.2,18,38,5,66T,171,56.8,0,1993
Steelers,299,3606,12.1,16,37,8,71T,180,60.2,6,1993
Cardinals,310,3635,11.7,21,42,8,65T,173,55.8,2,1993
Eagles,328,3463,10.6,23,31,8,80T,184,56.1,8,1993
Jets,294,3492,11.9,16,37,10,77,173,58.8,9,1993
Giants,257,3180,12.4,17,41,10,62,153,59.5,4,1993
Saints,274,3183,11.6,18,31,5,63T,158,57.7,5,1993
Patriots,289,3412,11.8,17,42,7,82,169,58.5,5,1993
Vikings,315,3381,10.7,18,38,5,58,182,57.8,4,1993
Dolphins,342,4564,13.3,27,60,12,80T,207,60.5,12,1993
Raiders,281,3882,13.8,17,49,13,74T,168,59.8,4,1993
Rams,247,3021,12.2,16,44,5,60T,147,59.5,2,1993
Chiefs,287,3384,11.8,20,41,5,66T,180,62.7,4,1993
Colts,332,3623,10.9,10,39,3,72T,180,54.2,12,1993
Oilers,357,4145,11.6,23,49,7,80T,208,58.3,11,1993
Packers,322,3330,10.3,19,38,5,66T,166,51.6,1,1993
Lions,264,2943,11.1,15,28,9,93T,139,52.7,5,1993
Broncos,350,4061,11.6,27,51,10,63,187,53.4,6,1993
Cowboys,317,3617,11.4,18,34,9,86,172,54.3,4,1993
Browns,262,3328,12.7,23,47,10,62T,152,58,6,1993
Bengals,272,2830,10.4,11,38,3,51,133,48.9,3,1993
Bears,230,2270,9.9,7,23,2,48,113,49.1,3,1993
Bills,304,3535,11.6,20,49,8,65T,176,57.9,3,1993
Falcons,334,3787,11.3,28,37,6,98T,185,55.4,5,1993
Redskins,271,3524,13,25,57,8,81T,166,61.3,2,1994
Buccaneers,271,3436,12.7,17,40,13,71T,149,55,2,1994
Seahawks,253,2809,11.1,13,36,4,51,143,56.5,5,1994
49ers,359,4362,12.2,37,53,9,69T,210,58.5,3,1994
Chargers,305,3619,11.9,20,44,9,99T,181,59.3,0,1994
Steelers,266,3247,12.2,17,40,10,84T,148,55.6,3,1994
Cardinals,287,3284,11.4,11,33,7,63,169,58.9,4,1994
Eagles,316,3736,11.8,18,45,10,93,168,53.2,2,1994
Jets,310,3323,10.7,18,35,3,69,164,52.9,1,1994
Giants,226,2847,12.6,16,39,10,55,136,60.2,0,1994
Saints,366,4027,11,22,39,5,78T,203,55.5,1,1994
Patriots,405,4583,11.3,25,52,3,62T,243,60,4,1994
Vikings,409,4570,11.2,18,55,8,65T,215,52.6,10,1994
Dolphins,392,4533,11.6,31,57,7,64T,220,56.1,4,1994
Raiders,281,3556,12.7,22,43,9,77T,158,56.2,3,1994
Rams,291,3597,12.4,23,42,10,72T,163,56,2,1994
Chiefs,366,4092,11.2,20,49,8,62T,211,57.7,5,1994
Colts,217,2519,11.6,15,30,3,85T,126,58.1,4,1994
Oilers,274,3216,11.7,13,34,6,81,158,57.7,3,1994
Packers,375,3977,10.6,33,45,4,49,205,54.7,3,1994
Lions,250,3085,12.3,24,35,3,51T,164,65.6,5,1994
Broncos,388,4383,11.3,18,51,14,76,202,52.1,5,1994
Cowboys,282,3461,12.3,19,41,11,90,160,56.7,4,1994
Browns,266,3269,12.3,20,42,9,81T,161,60.5,6,1994
Bengals,289,3541,12.3,21,44,14,76,158,54.7,1,1994
Bears,308,3230,10.5,19,33,6,85T,165,53.6,2,1994
Bills,342,3714,10.9,23,37,4,83T,181,52.9,4,1994
Falcons,374,4344,11.6,25,48,8,85T,218,58.3,2,1994
Redskins,265,3496,13.2,16,54,10,73T,169,63.8,4,1995
Buccaneers,267,3341,12.5,5,44,6,64T,159,59.6,4,1995
Seahawks,273,3359,12.3,19,42,8,59T,171,62.6,4,1995
49ers,432,4779,11.1,29,54,12,81T,231,53.5,9,1995
Chargers,318,3706,11.7,17,38,5,51T,185,58.2,4,1995
Steelers,348,4093,11.8,21,56,5,71T,193,55.5,6,1995
Cardinals,327,3893,11.9,17,59,4,48,184,56.3,2,1995
Eagles,284,2931,10.3,11,27,0,37T,145,51.1,7,1995
Jets,330,3129,9.5,20,30,3,43T,159,48.2,5,1995
Giants,260,2863,11,11,31,5,57T,150,57.7,3,1995
Saints,349,4002,11.5,26,52,7,70T,202,57.9,5,1995
Patriots,351,3789,10.8,14,36,3,72,207,59,6,1995
Vikings,402,4500,11.2,33,53,12,85T,223,55.5,4,1995
Dolphins,384,4398,11.5,28,47,7,67T,225,58.6,3,1995
Raiders,317,3787,11.9,25,42,11,80T,189,59.6,4,1995
Rams,366,4113,11.2,27,50,6,72,199,54.4,8,1995
Chiefs,300,3178,10.6,21,31,5,60T,164,54.7,1,1995
Jaguars,275,3144,11.4,19,35,2,71T,154,56,2,1995
Colts,270,3373,12.5,20,40,8,52,147,54.4,2,1995
Oilers,314,3512,11.2,22,38,10,76T,157,50,5,1995
Packers,372,4539,12.2,39,60,5,99T,235,63.2,1,1995
Lions,362,4510,12.5,33,57,10,91T,230,63.5,4,1995
Broncos,350,4260,12.2,27,54,10,62T,205,58.6,6,1995
Cowboys,322,3741,11.6,18,44,8,50,195,60.6,2,1995
Browns,324,3772,11.6,21,51,8,70T,189,58.3,6,1995
Bengals,334,3915,11.7,29,42,10,88T,184,55.1,4,1995
Bears,315,3838,12.2,29,42,13,76T,201,63.8,1,1995
Panthers,263,3304,12.6,16,41,11,89T,157,59.7,4,1995
Bills,279,3348,12,24,39,11,77T,142,50.9,3,1995
Falcons,364,4456,12.2,26,62,11,62T,216,59.3,4,1995
Redskins,270,3453,12.8,12,50,6,52T,174,64.4,2,1996
Buccaneers,274,2944,10.7,12,33,3,45,152,55.5,4,1996
Seahawks,261,3216,12.3,14,39,11,80T,147,56.3,5,1996
49ers,358,3859,10.8,24,40,6,52,188,52.5,4,1996
Chargers,314,3654,11.6,23,43,11,63T,168,53.5,5,1996
Steelers,246,2990,12.2,15,36,7,70T,146,59.3,3,1996
Cardinals,336,3917,11.7,23,50,5,69,214,63.7,4,1996
Eagles,328,3979,12.1,19,48,6,62,196,59.8,2,1996
Jets,339,3911,11.5,22,42,10,78T,191,56.3,4,1996
Giants,238,2663,11.2,14,24,0,37T,145,60.9,3,1996
Saints,295,3069,10.4,13,35,7,57T,135,45.8,5,1996
Patriots,374,4091,10.9,27,45,3,84T,206,55.1,6,1996
Vikings,331,3899,11.8,24,46,9,82T,186,56.2,3,1996
Dolphins,300,3783,12.6,22,54,11,74T,173,57.7,8,1996
Raiders,311,3327,10.7,28,36,6,62T,172,55.3,3,1996
Rams,249,3144,12.6,18,38,9,77T,141,56.6,3,1996
Chiefs,290,3093,10.7,18,37,4,69,168,57.9,4,1996
Jaguars,353,4367,12.4,19,40,13,62,208,58.9,3,1996
Colts,311,3544,11.4,16,42,6,51,172,55.3,4,1996
Oilers,272,3296,12.1,22,36,8,83T,157,57.7,3,1996
Packers,328,3938,12,39,50,11,80T,197,60.1,7,1996
Lions,309,3463,11.2,20,38,3,62T,180,58.3,1,1996
Broncos,327,3662,11.2,26,46,6,51,180,55,1,1996
Cowboys,307,3249,10.6,12,33,5,61,163,53.1,9,1996
Bengals,316,3726,11.8,25,36,11,61T,190,60.1,0,1996
Bears,318,3350,10.5,19,35,4,58T,176,55.3,7,1996
Panthers,273,3333,12.2,22,41,5,55,160,58.6,1,1996
Bills,279,3558,12.8,18,48,10,95T,149,53.4,3,1996
Ravens,335,4274,12.8,34,59,10,86T,208,62.1,0,1996
Falcons,356,3909,11,26,44,10,67,202,56.7,3,1996
Redskins,283,3581,12.7,22,45,7,69,192,67.8,2,1997
Buccaneers,224,2638,11.8,21,33,6,59T,134,59.8,5,1997
Seahawks,359,4187,11.7,26,55,10,61,207,57.7,5,1997
49ers,278,3432,12.3,20,47,4,82,167,60.1,5,1997
Chargers,291,3475,11.9,12,46,9,72T,161,55.3,3,1997
Steelers,253,3215,12.7,22,41,10,69T,157,62.1,4,1997
Cardinals,317,3953,12.5,19,47,10,70T,186,58.7,4,1997
Eagles,330,4009,12.1,22,46,5,72T,203,61.5,4,1997
Jets,319,3555,11.1,20,44,2,70,173,54.2,3,1997
Giants,249,2763,11.1,16,35,7,68T,124,49.8,2,1997
Saints,228,2901,12.7,13,39,7,89T,127,55.7,2,1997
Patriots,321,3808,11.9,31,49,12,76,173,53.9,3,1997
Vikings,319,3537,11.1,26,42,7,56,177,55.5,5,1997
Dolphins,332,3945,11.9,16,51,4,55,199,59.9,4,1997
Raiders,294,3944,13.4,29,59,10,76,170,57.8,4,1997
Rams,271,3524,13,14,46,12,76,161,59.4,1,1997
Chiefs,281,3129,11.1,20,43,5,55T,163,58,1,1997
Jaguars,313,3922,12.5,20,60,11,75,187,59.7,2,1997
Colts,317,3560,11.2,16,34,7,58,171,53.9,3,1997
Oilers,220,2704,12.3,15,37,5,55T,136,61.8,2,1997
Packers,309,3896,12.6,35,61,9,74,191,61.8,4,1997
Lions,304,3605,11.9,19,45,8,79,166,54.6,3,1997
Broncos,287,3704,12.9,27,53,10,78,172,59.9,4,1997
Cowboys,314,3454,11,19,36,7,64T,170,54.1,7,1997
Bengals,302,3603,11.9,21,40,8,77T,171,56.6,5,1997
Bears,336,3501,10.4,14,28,6,78T,188,56,6,1997
Panthers,289,3156,10.9,17,36,3,59T,170,58.8,4,1997
Bills,293,3213,11,14,37,9,77T,144,49.1,4,1997
Ravens,338,3929,11.6,25,44,8,92,176,52.1,7,1997
Falcons,273,3445,12.6,26,40,9,56,168,61.5,6,1997
Redskins,304,3724,12.3,24,42,7,75T,186,61.2,3,1998
Buccaneers,234,2787,11.9,21,29,10,79T,139,59.4,3,1998
Seahawks,273,3219,11.8,21,33,10,81T,144,52.7,5,1998
49ers,347,4510,13,41,60,13,81T,223,64.3,3,1998
Chargers,261,3115,11.9,11,33,7,67,146,55.9,3,1998
Steelers,274,2781,10.1,13,27,5,55T,135,49.3,0,1998
Cardinals,326,3768,11.6,17,48,6,57,179,54.9,4,1998
Eagles,282,2730,9.7,7,26,3,61T,141,50,5,1998
Jets,318,4032,12.7,33,55,8,82T,207,65.1,2,1998
Giants,265,2822,10.6,18,36,6,87T,129,48.7,5,1998
Saints,278,3514,12.6,19,41,9,89T,165,59.4,4,1998
Patriots,295,4004,13.6,23,55,17,86T,184,62.4,0,1998
Vikings,327,4492,13.7,41,62,21,67T,210,64.2,1,1998
Dolphins,316,3582,11.3,23,46,6,61T,176,55.7,4,1998
Raiders,282,3534,12.5,21,51,6,75T,156,55.3,6,1998
Rams,314,3381,10.8,12,38,8,80T,164,52.2,3,1998
Chiefs,305,3472,11.4,15,43,5,80T,153,50.2,10,1998
Jaguars,269,3343,12.4,24,44,11,78T,153,56.9,4,1998
Colts,326,3739,11.5,26,42,8,78T,190,58.3,0,1998
Oilers,305,3482,11.4,16,43,5,55,171,56.1,2,1998
Packers,361,4340,12,33,48,9,84T,210,58.2,6,1998
Lions,274,3398,12.4,17,46,7,98T,160,58.4,2,1998
Broncos,290,3808,13.1,32,48,8,58,186,64.1,2,1998
Cowboys,279,3546,12.7,17,46,13,80T,154,55.2,3,1998
Bengals,307,3545,11.5,20,44,13,76T,148,48.2,4,1998
Bears,284,3277,11.5,16,36,8,79T,154,54.2,9,1998
Panthers,292,3624,12.4,25,44,12,72T,171,58.6,6,1998
Bills,269,3621,13.5,28,48,12,84T,176,65.4,1,1998
Ravens,272,3152,11.6,16,36,12,73T,140,51.5,7,1998
Falcons,237,3744,15.8,28,60,11,78T,175,73.8,4,1998
Redskins,324,4112,12.7,26,64,14,65T,183,56.5,8,1999
Buccaneers,268,2781,10.4,18,26,5,68,132,49.3,1,1999
Seahawks,288,3629,12.6,25,52,6,51,179,62.2,5,1999
49ers,324,3526,10.9,14,37,8,62,172,53.1,5,1999
Chargers,332,3627,10.9,12,44,12,80T,171,51.5,4,1999
Steelers,301,3118,10.4,19,32,3,49,159,52.8,3,1999
Cardinals,287,3085,10.7,11,36,8,71,150,52.3,7,1999
Eagles,235,2405,10.2,18,25,5,84T,123,52.3,2,1999
Jets,272,3001,11,22,39,6,65,139,51.1,1,1999
Giants,350,4015,11.5,17,46,6,80T,197,56.3,3,1999
Saints,288,3598,12.5,16,47,11,90T,159,55.2,2,1999
Patriots,305,3985,13.1,19,50,13,68T,184,60.3,4,1999
Vikings,316,4318,13.7,32,71,11,80T,192,60.8,4,1999
Dolphins,329,3736,11.4,20,49,7,69T,188,57.1,6,1999
Raiders,306,3850,12.6,24,52,7,50,196,64.1,2,1999
Rams,343,4580,13.4,42,62,17,75T,207,60.3,5,1999
Chiefs,295,3409,11.6,22,36,6,86T,164,55.6,4,1999
Jaguars,320,3716,11.6,16,44,8,62,194,60.6,3,1999
Colts,338,4182,12.4,26,56,11,80T,200,59.2,8,1999
Titans,304,3622,11.9,23,49,8,65T,167,54.9,2,1999
Packers,344,4132,12,23,52,11,74T,196,57,6,1999
Lions,326,4074,12.5,22,54,15,77T,179,54.9,3,1999
Broncos,319,3646,11.4,16,42,7,88,168,52.7,1,1999
Cowboys,295,3278,11.1,20,41,7,90T,139,47.1,2,1999
Browns,271,2997,11.1,19,37,6,78T,134,49.4,2,1999
Bengals,300,3504,11.7,18,32,7,76T,161,53.7,1,1999
Bears,404,4352,10.8,25,53,11,80T,203,50.2,7,1999
Panthers,345,4447,12.9,36,61,9,88T,208,60.3,3,1999
Bills,290,3478,12,21,44,8,54T,173,59.7,1,1999
Ravens,270,3360,12.4,21,46,12,76T,148,54.8,4,1999
Redskins,343,3892,11.3,18,43,10,77T,185,53.9,4,2000
Buccaneers,237,2824,11.9,18,38,5,75,144,60.8,2,2000
Seahawks,308,3198,10.4,21,26,7,71,168,54.5,4,2000
49ers,366,4400,12,32,61,9,69T,211,57.7,6,2000
Chargers,311,3540,11.4,19,41,9,83T,156,50.2,3,2000
Steelers,217,2738,12.6,12,37,3,77T,128,59,4,2000
Cardinals,316,3478,11,16,41,11,70T,156,49.4,6,2000
Eagles,331,3386,10.2,21,46,5,70T,182,55,3,2000
Jets,352,4023,11.4,23,50,8,63,192,54.5,2,2000
Giants,311,3610,11.6,22,46,7,59,195,62.7,6,2000
Saints,298,3573,12,22,42,8,53T,169,56.7,4,2000
Patriots,328,3461,10.6,18,35,5,59,172,52.4,5,2000
Vikings,307,4019,13.1,33,57,13,78T,193,62.9,5,2000
Dolphins,243,2720,11.2,15,32,8,61,122,50.2,2,2000
Raiders,284,3430,12.1,28,42,8,84T,177,62.3,2,2000
Rams,380,5492,14.5,37,79,21,85T,247,65,5,2000
Chiefs,342,4408,12.9,29,59,8,81T,207,60.5,6,2000
Jaguars,333,3947,11.9,22,42,11,67T,193,58,7,2000
Colts,357,4413,12.4,33,51,8,78T,213,59.7,4,2000
Titans,286,3430,12,18,41,6,67,167,58.4,5,2000
Packers,348,3916,11.3,21,43,7,67T,197,56.6,9,2000
Lions,277,2992,10.8,14,35,4,59,143,51.6,3,2000
Broncos,354,4464,12.6,28,65,10,61,223,63,1,2000
Cowboys,255,2771,10.9,14,33,6,76T,128,50.2,3,2000
Browns,278,2728,9.8,9,25,3,79,110,39.6,6,2000
Bengals,207,2219,10.7,6,26,1,46,109,52.7,2,2000
Bears,304,3005,9.9,12,29,6,68T,143,47,5,2000
Panthers,340,3850,11.3,19,47,2,54,201,59.1,6,2000
Bills,312,3936,12.6,20,59,9,74T,174,55.8,7,2000
Ravens,287,3102,10.8,20,37,8,59T,156,54.4,4,2000
Redskins,235,2716,11.6,13,31,6,85T,122,51.9,2,2001
Buccaneers,362,3621,10,13,36,2,47,189,52.2,4,2001
Seahawks,258,3164,12.3,15,45,12,64,141,54.7,3,2001
49ers,318,3559,11.2,32,41,10,61T,184,57.9,3,2001
Chargers,309,3685,11.9,16,47,5,78,177,57.3,6,2001
Steelers,274,3295,12,16,49,8,90T,150,54.7,3,2001
Cardinals,304,3653,12,18,52,11,68T,177,58.2,4,2001
Eagles,300,3427,11.4,27,46,9,64T,146,48.7,3,2001
Jets,272,2871,10.6,17,39,1,40T,151,55.5,1,2001
Giants,327,3764,11.5,19,52,7,76,189,57.8,5,2001
Saints,313,3844,12.3,27,55,13,63,184,58.8,5,2001
Patriots,306,3326,10.9,21,38,8,91T,163,53.3,3,2001
Vikings,335,3854,11.5,23,46,10,80T,179,53.4,5,2001
Dolphins,275,3335,12.1,20,42,7,74T,154,56,7,2001
Raiders,364,3862,10.6,27,45,5,49,195,53.6,2,2001
Rams,379,4903,12.9,37,82,12,65T,236,62.3,11,2001
Chiefs,300,3863,12.9,17,53,13,67T,178,59.3,3,2001
Jaguars,321,3670,11.4,20,43,3,45,181,56.4,5,2001
Colts,349,4227,12.1,27,57,11,86T,206,59,4,2001
Titans,307,3867,12.6,23,55,10,71T,179,58.3,0,2001
Packers,314,3921,12.5,32,53,13,67T,187,59.6,2,2001
Lions,343,3969,11.6,18,52,6,76,184,53.6,4,2001
Broncos,312,3208,10.3,26,30,2,65T,174,55.8,6,2001
Cowboys,210,2408,11.5,14,32,8,80T,110,52.4,1,2001
Browns,279,3154,11.3,18,42,7,78,139,49.8,5,2001
Bengals,322,3291,10.2,12,32,2,49,176,54.7,3,2001
Bears,315,3072,9.8,20,35,7,66T,153,48.6,4,2001
Panthers,314,3098,9.9,12,32,4,48,144,45.9,5,2001
Bills,327,3722,11.4,18,48,10,80T,180,55,4,2001
Ravens,320,3595,11.2,18,43,6,77T,180,56.3,3,2001
Redskins,300,3523,11.7,24,36,7,62T,165,55,7,2002
Buccaneers,348,3665,10.5,23,37,6,76T,172,49.4,5,2002
Seahawks,361,4257,11.8,19,45,8,83,208,57.6,9,2002
49ers,354,3576,10.1,23,32,7,76T,182,51.4,3,2002
Chargers,324,3368,10.4,17,42,5,52T,166,51.2,6,2002
Steelers,350,4036,11.5,26,51,8,72T,200,57.1,6,2002
Cardinals,291,3038,10.4,18,30,3,80T,148,50.9,1,2002
Eagles,318,3606,11.3,27,49,7,59T,164,51.6,7,2002
Jets,329,3619,11,25,44,3,47,190,57.8,4,2002
Giants,338,4103,12.1,19,61,4,82T,195,57.7,9,2002
Saints,291,3685,12.7,27,48,13,64,169,58.1,5,2002
Patriots,374,3767,10.1,28,37,3,49T,184,49.2,5,2002
Vikings,337,3951,11.7,19,50,10,61,191,56.7,5,2002
Dolphins,271,3069,11.3,18,38,5,77,155,57.2,6,2002
Raiders,418,4689,11.2,26,48,8,75,226,54.1,4,2002
Rams,408,4480,11,24,56,7,58,219,53.7,6,2002
Chiefs,292,3763,12.9,27,47,13,99T,179,61.3,0,2002
Jaguars,268,3019,11.3,18,30,6,79T,156,58.2,1,2002
Colts,392,4200,10.7,27,51,11,69,213,54.3,10,2002
Texans,235,2636,11.2,11,32,5,81,119,50.6,1,2002
Titans,306,3441,11.2,22,35,6,55,182,59.5,5,2002
Packers,361,3823,10.6,29,42,7,85T,197,54.6,5,2002
Lions,277,3168,11.4,19,40,10,64T,150,54.2,1,2002
Broncos,359,4139,11.5,21,43,10,82T,199,55.4,1,2002
Cowboys,252,3020,12,14,34,10,80T,129,51.2,5,2002
Browns,338,3665,10.8,27,47,10,78T,171,50.6,3,2002
Bengals,350,3732,10.7,17,32,5,72T,186,53.1,1,2002
Bears,310,3316,10.7,22,49,7,76T,156,50.3,2,2002
Panthers,255,2981,11.7,15,51,6,69,133,52.2,3,2002
Bills,377,4364,11.6,24,45,13,73T,218,57.8,4,2002
Redskins,283,3273,11.6,21,45,4,64,156,55.1,4,2003
Buccaneers,369,3941,10.7,27,38,9,76T,190,51.5,7,2003
Seahawks,317,3872,12.2,27,54,5,80T,190,59.9,3,2003
49ers,299,3566,11.9,25,46,7,75T,172,57.5,3,2003
Chargers,297,3226,10.9,21,45,6,73T,146,49.2,3,2003
Steelers,306,3548,11.6,19,46,5,81T,174,56.9,3,2003
Cardinals,303,3265,10.8,18,38,8,71T,147,48.5,4,2003
Eagles,279,3273,11.7,17,45,9,59,156,55.9,3,2003
Jets,312,3524,11.3,20,44,8,65T,181,58,3,2003
Giants,344,3642,10.6,16,35,8,77T,184,53.5,6,2003
Saints,314,3641,11.6,25,36,7,76T,177,56.4,5,2003
Patriots,320,3651,11.4,23,44,8,82T,177,55.3,3,2003
Vikings,333,4169,12.5,32,52,15,72T,194,58.3,3,2003
Dolphins,257,3001,11.7,17,43,5,80T,145,56.4,6,2003
Raiders,278,2988,10.7,9,38,2,47T,140,50.4,3,2003
Rams,377,4287,11.4,23,64,6,48,211,56,4,2003
Chiefs,339,4113,12.1,24,55,8,67T,201,59.3,2,2003
Jaguars,303,3421,11.3,17,40,8,84T,163,53.8,4,2003
Colts,381,4289,11.3,29,45,9,79T,212,55.6,5,2003
Texans,248,2841,11.5,14,32,7,78T,127,51.2,4,2003
Titans,315,4031,12.8,30,55,12,73,211,67,3,2003
Packers,310,3377,10.9,32,42,7,66T,166,53.5,1,2003
Lions,319,2988,9.4,17,26,3,72T,152,47.6,2,2003
Broncos,280,3126,11.2,19,35,6,72,162,57.9,0,2003
Cowboys,294,3347,11.4,17,49,7,64,149,50.7,3,2003
Browns,313,3116,10,17,25,6,71T,153,48.9,1,2003
Bengals,324,3591,11.1,26,37,11,82T,181,55.9,2,2003
Bears,271,2905,10.7,12,37,5,61T,143,52.8,4,2003
Panthers,270,3238,12,19,46,9,67T,146,54.1,7,2003
Bills,293,3069,10.5,11,31,2,54T,150,51.2,4,2003
Redskins,288,2874,10,18,27,5,51,156,54.2,1,2004
Buccaneers,340,3773,11.1,24,50,10,75T,175,51.5,6,2004
Seahawks,304,3715,12.2,23,47,4,60,189,62.2,4,2004
49ers,325,3455,10.6,16,28,3,65,172,52.9,2,2004
Chargers,288,3506,12.2,29,45,9,79T,160,55.6,5,2004
Steelers,228,2970,13,20,47,7,58,147,64.5,5,2004
Cardinals,299,3202,10.7,14,38,4,48,152,50.8,4,2004
Eagles,336,4208,12.5,32,56,20,80,188,56,4,2004
Jets,282,3231,11.5,19,38,9,69T,163,57.8,3,2004
Giants,269,3097,11.5,12,35,10,62T,143,53.2,5,2004
Saints,309,3810,12.3,21,57,5,57,177,57.3,3,2004
Patriots,293,3750,12.8,29,53,10,50,193,65.9,4,2004
Vikings,380,4754,12.5,39,64,18,82T,225,59.2,3,2004
Dolphins,309,3391,11,19,38,5,76T,165,53.4,5,2004
Raiders,330,4019,12.2,24,55,11,63,176,53.3,5,2004
Rams,372,4615,12.4,23,67,8,75T,203,54.6,14,2004
Chiefs,370,4633,12.5,27,60,10,70T,228,61.6,2,2004
Jaguars,305,3315,10.9,17,35,7,65,161,52.8,7,2004
Colts,353,4732,13.4,51,69,14,80T,238,67.4,4,2004
Texans,286,3547,12.4,16,47,6,69,174,60.8,4,2004
Titans,356,3933,11,27,46,5,48T,200,56.2,5,2004
Packers,382,4550,11.9,36,58,13,79T,228,59.7,5,2004
Lions,285,3124,11,19,43,4,62,142,49.8,2,2004
Broncos,303,4089,13.5,27,55,9,85T,184,60.7,4,2004
Cowboys,308,3636,11.8,19,48,4,53,171,55.5,5,2004
Browns,251,3076,12.3,21,36,14,99T,125,49.8,2,2004
Bengals,324,3520,10.9,23,42,8,76T,172,53.1,2,2004
Bears,249,2641,10.6,9,33,5,63,121,48.6,3,2004
Panthers,311,3889,12.5,29,60,8,63,192,61.7,3,2004
Bills,262,3032,11.6,21,33,9,69T,149,56.9,4,2004
Redskins,278,3346,12,25,40,11,78T,166,59.7,5,2005
Buccaneers,303,3171,10.5,17,34,6,80T,161,53.1,2,2005
Seahawks,307,3632,11.8,25,44,8,56,192,62.5,3,2005
49ers,204,2190,10.7,8,27,4,89T,96,47.1,4,2005
Chargers,338,3738,11.1,27,48,4,54,191,56.5,3,2005
Steelers,228,3104,13.6,21,44,14,85T,144,63.2,3,2005
Cardinals,419,4723,11.3,21,63,12,63,224,53.5,3,2005
Eagles,337,3903,11.6,21,49,8,91T,182,54,4,2005
Jets,268,2989,11.2,11,34,5,60T,146,54.5,4,2005
Giants,294,3762,12.8,24,49,8,78T,172,58.5,3,2005
Saints,308,3604,11.7,15,47,5,66,182,59.1,4,2005
Patriots,352,4322,12.3,28,62,9,71,204,58,4,2005
Vikings,323,3449,10.7,18,31,8,80T,169,52.3,2,2005
Dolphins,291,3458,11.9,22,44,11,77T,159,54.6,5,2005
Raiders,316,3883,12.3,21,50,6,79,189,59.8,3,2005
Rams,392,4351,11.1,23,41,8,83T,209,53.3,6,2005
Chiefs,317,4014,12.7,17,51,11,60T,182,57.4,3,2005
Jaguars,283,3352,11.8,21,43,5,45T,170,60.1,8,2005
Colts,347,4191,12.1,31,49,7,80T,217,62.5,1,2005
Texans,270,2661,9.9,15,21,2,53T,142,52.6,0,2005
Titans,358,3797,10.6,20,34,8,57,191,53.4,4,2005
Packers,383,3964,10.3,20,40,7,59,206,53.8,3,2005
Lions,297,3021,10.2,15,35,8,86,151,50.8,5,2005
Broncos,279,3373,12.1,18,44,8,72,162,58.1,6,2005
Cowboys,300,3639,12.1,23,42,9,71T,177,59,4,2005
Browns,297,3323,11.2,15,38,8,80T,149,50.2,1,2005
Bengals,362,3935,10.9,32,43,9,70T,203,56.1,9,2005
Bears,219,2201,10.1,11,27,4,54,111,50.7,3,2005
Panthers,269,3485,13,25,44,13,80T,157,58.4,3,2005
Bills,269,2852,10.6,18,29,9,65,129,48,1,2005
Redskins,274,3174,11.6,19,39,10,74,150,54.7,6,2006
Buccaneers,296,2994,10.1,14,30,7,64T,133,44.9,5,2006
Seahawks,292,3369,11.5,26,41,7,72T,167,57.2,5,2006
49ers,257,2890,11.2,16,34,8,75,132,51.4,3,2006
Chargers,287,3412,11.9,24,41,5,57T,169,58.9,2,2006
Steelers,312,4026,12.9,23,49,10,87T,201,64.4,4,2006
Cardinals,322,3924,12.2,17,50,11,64,187,58.1,3,2006
Eagles,323,4309,13.3,31,63,19,89T,189,58.5,5,2006
Jets,313,3352,10.7,17,38,9,71T,161,51.4,4,2006
Giants,301,3244,10.8,24,33,8,55T,163,54.2,4,2006
Saints,372,4626,12.4,27,65,20,86T,207,55.6,4,2006
Patriots,326,3590,11,25,47,8,62T,181,55.5,6,2006
Vikings,332,3402,10.2,13,44,6,50,160,48.2,7,2006
Dolphins,342,3577,10.5,16,37,6,52,180,52.6,2,2006
Raiders,263,2850,10.8,7,28,2,57,144,54.8,7,2006
Rams,371,4328,11.7,24,61,10,67T,212,57.1,5,2006
Chiefs,272,3243,11.9,18,36,5,78,184,67.6,2,2006
Jaguars,266,3060,11.5,17,39,5,51T,147,55.3,3,2006
Colts,362,4397,12.1,31,53,7,68T,241,66.6,4,2006
Texans,329,3032,9.2,14,29,3,53,156,47.4,5,2006
Titans,226,2748,12.2,13,42,1,53,133,58.8,4,2006
Packers,350,3947,11.3,18,49,8,82T,185,52.9,7,2006
Lions,372,4208,11.3,21,59,3,60T,208,55.9,5,2006
Broncos,256,2995,11.7,20,34,6,83T,151,59,5,2006
Cowboys,310,4067,13.1,26,56,12,56T,197,63.5,1,2006
Browns,318,3247,10.2,15,32,8,75,153,48.1,2,2006
Bengals,327,4066,12.4,28,53,15,74T,200,61.2,1,2006
Bears,282,3446,12.2,24,50,9,75T,161,57.1,5,2006
Panthers,325,3486,10.7,19,37,7,72T,158,48.6,2,2006
Bills,268,3051,11.4,19,35,10,83T,132,49.3,3,2006
Redskins,319,3622,11.4,18,43,6,54,192,60.2,4,2007
Buccaneers,316,3579,11.3,18,41,11,69T,162,51.3,6,2007
Seahawks,371,4181,11.3,30,51,8,65,211,56.9,2,2007
49ers,274,2685,9.8,15,30,4,57T,140,51.1,6,2007
Chargers,281,3175,11.3,22,44,4,49T,158,56.2,2,2007
Steelers,282,3418,12.1,34,43,7,83,179,63.5,1,2007
Cardinals,356,4228,11.9,32,52,7,62,210,59,7,2007
Eagles,350,4005,11.4,24,43,11,75T,186,53.1,3,2007
Jets,310,3330,10.7,15,38,7,57T,173,55.8,2,2007
Giants,302,3376,11.2,23,36,6,60T,167,55.3,2,2007
Saints,440,4423,10.1,28,47,8,58,232,52.7,4,2007
Patriots,403,4859,12.1,50,57,15,69T,243,60.3,4,2007
Vikings,249,2938,11.8,12,25,8,79,139,55.8,5,2007
Dolphins,318,3319,10.4,12,41,3,64T,162,50.9,2,2007
Raiders,260,2893,11.1,17,31,6,59,133,51.2,2,2007
Rams,333,3561,10.7,19,42,1,40,193,58,5,2007
Chiefs,335,3525,10.5,17,40,2,58,171,51,6,2007
Jaguars,288,3495,12.1,28,44,8,80T,180,62.5,4,2007
Colts,355,4172,11.8,32,53,9,73T,212,59.7,5,2007
Texans,346,3925,11.3,24,40,10,77T,190,54.9,10,2007
Titans,288,3077,10.7,9,28,7,73,171,59.4,5,2007
Packers,383,4461,11.6,30,52,17,82T,210,54.8,9,2007
Lions,368,4216,11.5,19,47,8,91T,203,55.2,6,2007
Broncos,326,3759,11.5,21,42,7,68T,187,57.4,6,2007
Cowboys,342,4290,12.5,36,56,11,59T,217,63.5,4,2007
Browns,305,3866,12.7,29,53,6,78T,192,63,6,2007
Bengals,373,4131,11.1,26,51,8,70T,213,57.1,5,2007
Bears,327,3701,11.3,18,44,8,81T,168,51.4,4,2007
Panthers,285,2941,10.3,19,28,9,74T,142,49.8,7,2007
Bills,263,2842,10.8,12,33,6,85T,141,53.6,4,2007
Ravens,341,3308,9.7,13,23,5,79T,175,51.3,3,2007
Falcons,336,3573,10.6,18,42,6,74T,161,47.9,4,2007
Redskins,318,3291,10.3,14,34,3,67T,165,51.9,5,2008
Buccaneers,355,3788,10.7,18,42,5,71T,184,51.8,5,2008
Seahawks,262,2831,10.8,18,29,5,90T,142,54.2,4,2008
49ers,309,3724,12.1,21,55,6,63,176,57,5,2008
Chargers,312,4009,12.8,34,48,12,67,191,61.2,4,2008
Steelers,303,3607,11.9,19,39,8,65T,179,59.1,7,2008
Cardinals,418,4875,11.7,31,54,13,79T,231,55.3,6,2008
Eagles,362,4060,11.2,23,52,11,90T,204,56.4,4,2008
Jets,347,3516,10.1,22,40,7,56T,186,53.6,5,2008
Giants,298,3353,11.3,23,34,4,48,176,59.1,2,2008
Saints,413,5069,12.3,34,66,16,84T,232,56.2,6,2008
Patriots,339,3790,11.2,21,38,6,76T,186,54.9,5,2008
Vikings,267,3217,12,22,40,12,99T,150,56.2,5,2008
Dolphins,330,3761,11.4,20,39,8,80T,184,55.8,6,2008
Raiders,222,2639,11.9,13,39,5,84T,123,55.4,0,2008
Rams,292,3268,11.2,11,41,8,80T,140,47.9,5,2008
Chiefs,310,3358,10.8,23,35,5,75,161,51.9,1,2008
Jaguars,335,3620,10.8,15,42,1,41,183,54.6,6,2008
Colts,393,4180,10.6,27,42,7,75,220,56,4,2008
Texans,367,4474,12.2,21,60,12,65,210,57.2,5,2008
Titans,265,2902,11,13,36,5,56T,143,54,4,2008
Packers,343,4044,11.8,28,48,16,71T,182,53.1,2,2008
Lions,281,3299,11.7,18,43,7,96T,143,50.9,8,2008
Broncos,386,4545,11.8,25,55,7,93T,223,57.8,5,2008
Cowboys,328,3988,12.2,29,54,12,75T,171,52.1,7,2008
Browns,238,2537,10.7,11,26,6,70,127,53.4,4,2008
Bengals,303,2677,8.8,11,21,2,79,145,47.9,2,2008
Bears,304,3229,10.6,20,35,3,65T,153,50.3,5,2008
Panthers,246,3288,13.4,15,45,9,65T,152,61.8,4,2008
Bills,309,3302,10.7,14,38,6,87T,167,54,7,2008
Ravens,261,3085,11.8,16,40,11,70T,147,56.3,5,2008
Falcons,265,3440,13,16,45,9,70T,157,59.2,3,2008
Redskins,340,3797,11.2,21,43,10,84,191,56.2,5,2009
Buccaneers,279,3134,11.2,18,40,4,47,148,53,1,2009
Seahawks,372,3771,10.1,20,39,6,53,184,49.5,6,2009
49ers,312,3293,10.6,23,42,7,73T,137,43.9,2,2009
Chargers,338,4506,13.3,29,67,13,81T,222,65.7,3,2009
Steelers,351,4496,12.8,28,64,14,60T,210,59.8,6,2009
Cardinals,392,4200,10.7,27,49,3,45,215,54.8,5,2009
Eagles,335,4380,13.1,27,65,21,71T,182,54.3,3,2009
Jets,210,2596,12.4,12,37,8,65T,131,62.4,3,2009
Giants,338,4246,12.6,28,62,12,74T,194,57.4,4,2009
Saints,378,4490,11.9,34,58,11,75T,215,56.9,5,2009
Patriots,390,4540,11.6,28,43,12,81T,222,56.9,4,2009
Vikings,377,4403,11.7,34,55,13,63,220,58.4,3,2009
Dolphins,331,3396,10.3,15,29,4,67,188,56.8,6,2009
Raiders,255,2875,11.3,10,30,4,86T,131,51.4,2,2009
Rams,312,2970,9.5,12,32,2,50,159,51,5,2009
Chiefs,296,3183,10.8,18,41,9,61,139,47,1,2009
Jaguars,315,3599,11.4,15,44,6,63,170,54,5,2009
Colts,402,4605,11.5,34,62,8,80T,241,60,3,2009
Texans,399,4803,12,29,63,15,72T,231,57.9,6,2009
Titans,271,3104,11.5,16,32,8,69T,154,56.8,5,2009
Packers,357,4492,12.6,30,55,17,83T,201,56.3,4,2009
Lions,316,3471,11,16,39,6,75T,168,53.2,5,2009
Broncos,341,3825,11.2,21,43,9,87T,186,54.5,2,2009
Cowboys,347,4483,12.9,26,61,17,80T,203,58.5,3,2009
Browns,219,2255,10.3,11,25,4,59T,118,53.9,5,2009
Bengals,286,3134,11,21,36,5,73,159,55.6,7,2009
Bears,340,3677,10.8,27,56,6,71,170,50,3,2009
Panthers,264,3070,11.6,16,39,10,66,152,57.6,3,2009
Bills,256,2789,10.9,17,31,6,98T,126,49.2,5,2009
Ravens,321,3637,11.3,21,44,8,72T,187,58.3,2,2009
Falcons,332,3697,11.1,26,39,5,90T,192,57.8,3,2009
Redskins,349,4261,12.2,21,51,13,76,194,55.6,8,2010
Buccaneers,306,3564,11.6,26,49,10,64,172,56.2,6,2010
Seahawks,324,3536,10.9,14,39,11,87T,159,49.1,3,2010
49ers,282,3613,12.8,19,53,10,66T,149,52.8,3,2010
Chargers,359,4746,13.2,30,66,14,59T,236,65.7,5,2010
Steelers,298,3890,13.1,22,62,11,56T,175,58.7,3,2010
Cardinals,285,3264,11.5,10,44,3,74T,154,54,4,2010
Eagles,348,4215,12.1,28,61,15,91T,189,54.3,6,2010
Jets,288,3420,11.9,20,44,11,74T,171,59.4,3,2010
Giants,339,4002,11.8,31,57,7,92T,192,56.6,3,2010
Saints,450,4636,10.3,33,47,10,80T,236,52.4,2,2010
Patriots,331,4022,12.2,37,54,10,79T,196,59.2,2,2010
Vikings,305,3327,10.9,14,47,3,53T,159,52.1,3,2010
Dolphins,335,3755,11.2,17,44,4,57T,189,56.4,3,2010
Raiders,279,3471,12.4,18,45,12,73T,159,57,4,2010
Rams,354,3512,9.9,18,36,4,49,179,50.6,2,2010
Chiefs,274,3189,11.6,27,40,4,75T,167,60.9,2,2010
Jaguars,291,3356,11.5,26,47,6,75,161,55.3,3,2010
Colts,450,4700,10.4,33,43,9,73T,253,56.2,3,2010
Texans,365,4370,12,24,59,9,60,222,60.8,3,2010
Titans,273,3278,12,24,44,8,80T,155,56.8,4,2010
Packers,352,4355,12.4,31,57,11,86T,204,58,9,2010
Lions,383,4001,10.4,26,43,6,87T,199,52,4,2010
Broncos,334,4307,12.9,25,62,13,71,204,61.1,5,2010
Cowboys,379,4208,11.1,29,57,8,71T,201,53,8,2010
Browns,296,3203,10.8,13,42,6,65T,154,52,4,2010
Bengals,365,3988,10.9,26,45,9,78T,206,56.4,4,2010
Bears,276,3397,12.3,23,42,6,89T,163,59.1,7,2010
Panthers,256,2635,10.3,9,30,3,88T,125,48.8,2,2010
Bills,296,3371,11.4,24,42,8,65T,166,56.1,8,2010
Ravens,308,3629,11.8,25,40,7,67,175,56.8,3,2010
Falcons,361,3725,10.3,28,32,6,46,200,55.4,3,2010
Redskins,346,4058,11.7,19,57,7,51,204,59,4,2011
Buccaneers,365,3838,10.5,17,37,6,65T,180,49.3,7,2011
Seahawks,299,3444,11.5,15,51,9,61T,153,51.2,1,2011
49ers,277,3193,11.5,18,41,6,56T,150,54.2,3,2011
Chargers,366,4624,12.6,27,69,8,58,234,63.9,4,2011
Steelers,341,4333,12.7,21,60,10,95T,221,64.8,4,2011
Cardinals,307,3954,12.9,21,55,15,73T,175,57,4,2011
Eagles,330,4276,13,22,64,10,73,197,59.7,3,2011
Jets,310,3542,11.4,26,41,3,74,173,55.8,3,2011
Giants,359,4933,13.7,29,67,18,99T,216,60.2,2,2011
Saints,472,5505,11.7,46,69,11,79T,280,59.3,3,2011
Patriots,402,5257,13.1,39,72,14,99T,262,65.2,1,2011
Vikings,286,3255,11.4,20,41,7,72,159,55.6,5,2011
Dolphins,280,3425,12.2,20,56,7,65T,166,59.3,3,2011
Raiders,315,4119,13.1,20,63,14,78,186,59,4,2011
Rams,292,3258,11.2,9,37,3,68,159,54.5,5,2011
Chiefs,299,3288,11,13,39,7,52T,163,54.5,3,2011
Jaguars,240,2510,10.5,12,30,4,74T,122,50.8,3,2011
Colts,302,3223,10.7,14,32,6,87T,170,56.3,3,2011
Texans,288,3696,12.8,20,55,11,80T,176,61.1,1,2011
Titans,353,4113,11.7,22,51,14,80T,185,52.4,5,2011
Packers,376,5161,13.7,51,70,16,93T,230,61.2,1,2011
Lions,423,5071,12,41,65,16,73T,244,57.7,4,2011
Broncos,217,2708,12.5,20,36,8,56T,130,59.9,6,2011
Cowboys,376,4453,11.8,33,58,11,77,219,58.2,5,2011
Browns,320,3300,10.3,16,32,6,76T,173,54.1,2,2011
Bengals,308,3507,11.4,21,51,11,84,160,51.9,2,2011
Bears,268,3346,12.5,18,43,7,81,153,57.1,7,2011
Panthers,312,4089,13.1,21,66,9,91T,175,56.1,6,2011
Bills,356,3857,10.8,24,48,8,60T,180,50.6,1,2011
Ravens,314,3629,11.6,21,44,7,74T,181,57.6,1,2011
Falcons,365,4365,12,29,56,10,80T,215,58.9,2,2011
Redskins,291,3666,12.6,24,53,8,88T,171,58.8,4,2012
Buccaneers,311,4144,13.3,27,57,16,95,188,60.5,0,2012
Seahawks,259,3234,12.5,27,45,11,67,153,59.1,3,2012
49ers,289,3551,12.3,23,54,8,57,172,59.5,5,2012
Chargers,338,3606,10.7,26,41,3,80T,184,54.4,2,2012
Steelers,354,4012,11.3,27,49,8,82T,202,57.1,12,2012
Cardinals,337,3383,10,11,36,3,53,168,49.9,2,2012
Eagles,367,4075,11.1,18,51,6,77T,190,51.8,5,2012
Jets,272,3178,11.7,14,40,6,66,162,59.6,7,2012
Giants,323,3967,12.3,26,50,10,80T,187,57.9,0,2012
Saints,423,5187,12.3,43,66,13,80T,267,63.1,7,2012
Patriots,402,4844,12,34,57,8,83T,256,63.7,5,2012
Vikings,300,2935,9.8,18,28,3,65,163,54.3,3,2012
Dolphins,293,3425,11.7,13,42,3,80T,158,53.9,4,2012
Raiders,376,4292,11.4,24,52,10,64T,200,53.2,6,2012
Rams,332,3783,11.4,22,43,8,80T,189,56.9,5,2012
Chiefs,273,2937,10.8,8,36,3,57,144,52.7,2,2012
Jaguars,328,3746,11.4,20,48,8,81T,157,47.9,3,2012
Colts,339,4374,12.9,23,65,11,70T,208,61.4,4,2012
Texans,354,4046,11.4,22,46,8,60T,205,57.9,0,2012
Titans,318,3577,11.2,17,42,7,71T,166,52.2,9,2012
Packers,374,4342,11.6,40,55,9,73,213,57,2,2012
Lions,445,5139,11.5,22,67,10,57,272,61.1,7,2012
Broncos,402,4671,11.6,37,64,7,71T,232,57.7,4,2012
Cowboys,434,4992,11.5,29,55,9,85T,237,54.6,4,2012
Browns,328,3668,11.2,16,50,6,71T,185,56.4,5,2012
Bengals,335,3807,11.4,28,39,14,73T,173,51.6,6,2012
Bears,287,3298,11.5,21,39,6,60T,163,56.8,3,2012
Panthers,284,3927,13.8,19,58,11,82,171,60.2,4,2012
Bills,309,3430,11.1,24,44,7,68T,176,57,7,2012
Ravens,334,3996,12,22,62,12,61T,182,54.5,0,2012
Falcons,422,4719,11.2,32,46,10,80T,246,58.3,3,2012
Redskins,355,4057,11.4,20,39,6,62T,198,55.8,5,2013
Buccaneers,291,3181,10.9,22,39,7,85T,157,54,1,2013
Seahawks,267,3508,13.1,27,52,10,80T,160,59.9,4,2013
49ers,244,3210,13.2,21,46,10,64T,148,60.7,3,2013
Chargers,378,4478,11.8,32,60,6,60T,230,60.8,4,2013
Steelers,377,4306,11.4,28,61,10,67,207,54.9,3,2013
Cardinals,363,4291,11.8,24,49,9,91T,205,56.5,3,2013
Eagles,310,4406,14.2,32,80,18,70,197,63.5,3,2013
Jets,266,3270,12.3,13,47,6,69T,154,57.9,1,2013
Giants,325,3875,11.9,18,54,7,70T,176,54.2,4,2013
Saints,446,5162,11.6,39,67,15,76T,244,54.7,1,2013
Patriots,380,4343,11.4,25,49,8,81T,225,59.2,2,2013
Vikings,325,3645,11.2,18,54,7,79T,173,53.2,3,2013
Dolphins,357,3966,11.1,24,47,11,67,205,57.4,0,2013
Raiders,298,3629,12.2,17,48,8,73T,168,56.4,2,2013
Rams,301,3360,11.2,22,41,5,81T,165,54.8,3,2013
Chiefs,333,3561,10.7,24,45,7,71T,179,53.8,5,2013
Jaguars,349,3751,10.7,16,44,6,67T,176,50.4,6,2013
Colts,350,3952,11.3,23,45,10,73T,191,54.6,2,2013
Texans,371,4183,11.3,19,53,9,66,198,53.4,5,2013
Titans,328,3710,11.3,22,48,10,77T,172,52.4,4,2013
Packers,366,4538,12.4,25,65,11,83T,201,54.9,3,2013
Lions,371,4650,12.5,29,62,10,87,221,59.6,4,2013
Broncos,461,5572,12.1,55,68,13,78T,293,63.6,4,2013
Cowboys,375,4226,11.3,33,48,7,82T,213,56.8,8,2013
Browns,379,4372,11.5,26,52,14,95T,200,52.8,2,2013
Bengals,364,4318,11.9,33,57,15,82T,205,56.3,6,2013
Bears,373,4450,11.9,32,53,11,80T,215,57.6,5,2013
Panthers,292,3379,11.6,24,33,7,79T,169,57.9,3,2013
Bills,299,3373,11.3,16,46,9,59T,149,49.8,5,2013
Ravens,363,3914,10.8,19,45,14,74,189,52.1,1,2013
Falcons,445,4541,10.2,26,44,9,81T,227,51,8,2013
Redskins,364,4461,12.3,18,57,20,81T,186,51.1,6,2014
Buccaneers,301,3623,12,21,51,9,56T,162,53.8,5,2014
Seahawks,287,3492,12.2,20,54,8,80T,160,55.7,3,2014
49ers,292,3407,11.7,20,49,5,80T,165,56.5,2,2014
Chargers,380,4296,11.3,31,57,9,59,214,56.3,4,2014
Steelers,411,4997,12.2,33,56,15,94T,243,59.1,5,2014
Cardinals,320,3990,12.5,21,58,11,81T,191,59.7,5,2014
Eagles,384,4581,11.9,27,63,13,72,218,56.8,5,2014
Jets,287,3206,11.2,16,40,9,74T,154,53.7,3,2014
Giants,383,4470,11.7,30,53,10,80T,218,56.9,6,2014
Saints,456,4952,10.9,33,52,10,69T,258,56.6,8,2014
Patriots,392,4291,10.9,34,46,8,69T,228,58.2,4,2014
Vikings,322,3566,11.1,17,43,7,87T,171,53.1,3,2014
Dolphins,394,4066,10.3,27,41,4,50,226,57.4,7,2014
Raiders,365,3456,9.5,22,30,7,77T,173,47.4,7,2014
Rams,327,3695,11.3,20,43,7,63T,189,57.8,1,2014
Chiefs,320,3428,10.7,18,43,3,70T,184,57.5,9,2014
Jaguars,325,3451,10.6,15,43,9,63T,154,47.4,2,2014
Colts,410,5062,12.3,42,78,15,80,251,61.2,6,2014
Texans,295,3460,11.7,22,49,9,76T,171,58,6,2014
Titans,299,3738,12.5,20,50,8,80T,159,53.2,4,2014
Packers,349,4447,12.7,38,59,15,80T,222,63.6,1,2014
Lions,365,4284,11.7,22,54,11,73T,210,57.5,3,2014
Broncos,399,4779,12,40,67,11,86T,227,56.9,4,2014
Cowboys,328,4008,12.2,37,54,12,68T,205,62.5,4,2014
Browns,274,3678,13.4,12,56,11,81T,179,65.3,0,2014
Bengals,323,3551,11,20,35,8,81T,164,50.8,7,2014
Bears,396,4035,10.2,30,41,8,74,194,49,3,2014
Panthers,327,3828,11.7,23,43,4,51,199,60.9,3,2014
Bills,363,3856,10.6,23,52,8,84,186,51.2,8,2014
Ravens,344,3986,11.6,27,50,7,80T,194,56.4,4,2014
Falcons,418,4758,11.4,28,61,9,79,233,55.7,7,2014
Redskins,386,4294,11.1,30,52,9,78T,208,53.9,7,2015
Buccaneers,312,4042,13,22,57,9,68,201,64.4,4,2015
Seahawks,333,4061,12.2,34,60,9,80T,190,57.1,3,2015
49ers,322,3646,11.3,16,46,12,76T,154,47.8,4,2015
Chargers,442,4855,11,30,53,8,80T,230,52,7,2015
Steelers,391,4822,12.3,26,61,21,88T,207,52.9,3,2015
Cardinals,353,4775,13.5,35,66,15,68,237,67.1,4,2015
Eagles,405,4341,10.7,23,53,14,78T,193,47.7,6,2015
Jets,362,4170,11.5,33,56,9,69T,210,58,6,2015
Giants,392,4500,11.5,36,53,16,87T,208,53.1,6,2015
Saints,460,5205,11.3,32,72,13,80T,247,53.7,6,2015
Patriots,404,4812,11.9,36,59,12,76T,229,56.7,3,2015
Vikings,294,3246,11,14,41,6,52,153,52,4,2015
Dolphins,365,4231,11.6,24,57,13,54T,194,53.2,2,2015
Raiders,373,4129,11.1,34,53,10,68T,193,51.7,5,2015
Rams,273,2931,10.7,11,35,10,68,126,46.2,3,2015
Chiefs,310,3493,11.3,20,42,10,80T,155,50,5,2015
Jaguars,355,4428,12.5,35,72,11,90T,215,60.6,2,2015
Colts,355,3928,11.1,26,46,7,87T,195,54.9,2,2015
Texans,358,4079,11.4,29,46,8,61T,210,58.7,3,2015
Titans,342,3893,11.4,25,49,6,61T,195,57,2,2015
Packers,348,3825,11,31,55,6,65T,173,49.7,4,2015
Lions,420,4463,10.6,33,52,8,57,236,56.2,3,2015
Broncos,368,4216,11.5,19,41,11,75T,201,54.6,4,2015
Cowboys,334,3677,11,16,40,4,67,175,52.4,4,2015
Browns,371,4156,11.2,20,48,12,61,192,51.8,6,2015
Bengals,334,4104,12.3,31,63,13,80T,191,57.2,3,2015
Bears,334,3843,11.5,21,56,10,87T,177,53,4,2015
Panthers,300,3873,12.9,35,53,10,74T,197,65.7,3,2015
Bills,295,3600,12.2,23,51,12,63,155,52.5,6,2015
Ravens,426,4449,10.4,21,54,8,50T,211,49.5,3,2015
Falcons,410,4602,11.2,21,49,9,70T,230,56.1,4,2015
Redskins,407,4948,12.2,25,70,13,80T,226,55.5,4,2016
Buccaneers,355,4165,11.7,29,43,4,45T,220,62,1,2016
Seahawks,368,4422,12,23,54,12,59,203,55.2,6,2016
49ers,287,3166,11,21,35,6,75T,152,53,7,2016
Chargers,349,4386,12.6,33,57,16,59,214,61.3,6,2016
Steelers,381,4377,11.5,33,64,10,72T,210,55.1,1,2016
Cardinals,383,4425,11.6,28,51,6,80T,229,59.8,5,2016
Eagles,380,3798,10,16,39,6,73T,192,50.5,3,2016
Jets,311,3645,11.7,16,48,10,69T,166,53.4,3,2016
Giants,377,4027,10.7,26,46,11,75T,190,50.4,7,2016
Saints,472,5258,11.1,38,71,11,98T,265,56.1,7,2016
Patriots,368,4456,12.1,32,56,9,79T,203,55.2,3,2016
Vikings,414,4119,9.9,20,52,8,71T,209,50.5,1,2016
Dolphins,316,3716,11.8,27,46,15,74T,167,52.8,2,2016
Raiders,379,4137,10.9,29,51,8,75T,198,52.2,4,2016
Rams,312,3313,10.6,14,43,9,66,151,48.4,4,2016
Chiefs,365,3914,10.7,19,46,9,80T,197,54,5,2016
Jaguars,369,3925,10.6,24,44,4,51T,207,56.1,2,2016
Colts,370,4491,12.1,32,63,8,64T,220,59.5,4,2016
Texans,347,3418,9.9,15,34,4,53,173,49.9,2,2016
Titans,307,3720,12.1,29,53,8,60,175,57,2,2016
Packers,403,4445,11,40,57,10,66T,222,55.1,6,2016
Lions,388,4327,11.2,24,52,10,73T,217,55.9,1,2016
Broncos,339,3914,11.5,20,40,8,76T,181,53.4,8,2016
Cowboys,325,3799,11.7,25,39,8,83T,191,58.8,4,2016
Browns,338,3693,10.9,15,44,9,58,181,53.6,2,2016
Bengals,364,4206,11.6,18,53,13,86T,204,56,4,2016
Bears,347,4139,11.9,19,49,4,64,212,61.1,5,2016
Panthers,306,3962,12.9,21,49,9,88T,194,63.4,2,2016
Bills,286,3250,11.4,17,35,8,84T,155,54.2,0,2016
Ravens,439,4343,9.9,20,40,11,95T,205,46.7,2,2016
Falcons,374,4960,13.3,38,69,17,76T,239,63.9,1,2016
Redskins,347,4093,11.8,27,59,9,74,191,55,4,2017
Buccaneers,378,4607,12.2,26,47,6,70,243,64.3,6,2017
Seahawks,340,3979,11.7,34,58,12,74T,183,53.8,1,2017
49ers,362,4235,11.7,15,49,14,83T,206,56.9,2,2017
Chargers,366,4551,12.4,28,61,12,75T,220,60.1,3,2017
Steelers,384,4534,11.8,29,56,16,97T,217,56.5,4,2017
Cardinals,339,3979,11.7,21,55,5,52T,200,59,3,2017
Eagles,341,3967,11.6,38,43,9,72T,193,56.6,2,2017
Jets,323,3501,10.8,19,46,8,69T,157,48.6,5,2017
Giants,373,3680,9.9,20,33,6,77T,178,47.7,1,2017
Saints,386,4334,11.2,23,72,11,54T,201,52.1,5,2017
Patriots,389,4619,11.9,32,63,10,64T,232,59.6,2,2017
Vikings,357,3929,11,25,53,9,65T,196,54.9,4,2017
Dolphins,373,3792,10.2,24,41,5,65T,187,50.1,10,2017
Raiders,347,3761,10.8,23,47,10,87T,178,51.3,9,2017
Rams,320,4023,12.6,28,57,13,94T,185,57.8,5,2017
Chiefs,363,4326,11.9,26,54,14,79T,198,54.5,2,2017
Jaguars,316,3716,11.8,21,42,7,75T,193,61.1,4,2017
Colts,285,3226,11.3,13,36,9,80T,148,51.9,4,2017
Texans,299,3644,12.2,28,53,6,72T,180,60.2,2,2017
Titans,306,3394,11.1,14,39,6,75T,157,51.3,3,2017
Packers,352,3532,10,25,38,8,72,176,50,2,2017
Lions,374,4470,12,29,61,16,71T,210,56.1,2,2017
Broncos,332,3668,11,19,55,3,54T,180,54.2,3,2017
Cowboys,309,3326,10.8,22,34,8,81T,162,52.4,2,2017
Browns,312,3537,11.3,15,53,5,56T,157,50.3,4,2017
Bengals,304,3386,11.1,25,34,9,77T,165,54.3,6,2017
Bears,291,3085,10.6,13,30,4,70,144,49.5,1,2017
Panthers,293,3319,11.3,22,46,5,64,167,57,1,2017
Bills,289,3086,10.7,16,40,4,47,149,51.6,3,2017
Ravens,363,3235,8.9,20,29,5,66,168,46.3,4,2017
Falcons,343,4146,12.1,21,55,9,88T,200,58.3,1,2017
Redskins,311,3287,10.6,16,40,6,79T,156,50.2,3,2018
Buccaneers,408,5358,13.1,36,71,14,75T,265,65,7,2018
Seahawks,280,3448,12.3,35,47,13,66,156,55.7,4,2018
49ers,331,4247,12.8,26,61,12,85T,201,60.7,3,2018
Chargers,348,4316,12.4,32,60,10,75T,213,61.2,6,2018
Steelers,459,5174,11.3,35,62,16,97T,251,54.7,7,2018
Cardinals,283,2884,10.2,15,31,4,75T,137,48.4,2,2018
Eagles,422,4524,10.7,29,52,9,83T,221,52.4,5,2018
Jets,299,3404,11.4,18,44,5,76T,157,52.5,5,2018
Giants,382,4405,11.5,23,59,12,58,208,54.5,3,2018
Saints,381,4174,11,33,59,7,72T,210,55.1,6,2018
Patriots,378,4405,11.7,29,54,8,63T,206,54.5,2,2018
Vikings,425,4298,10.1,30,47,7,75T,218,51.3,1,2018
Dolphins,292,3309,11.3,26,34,9,75T,153,52.4,1,2018
Raiders,382,4057,10.6,19,52,7,66,197,51.6,2,2018
Rams,368,4730,12.9,32,69,9,70T,236,64.1,3,2018
Chiefs,385,5126,13.3,50,76,15,89T,239,62.1,4,2018
Jaguars,329,3431,10.4,15,41,3,80T,164,49.8,8,2018
Colts,432,4595,10.6,39,53,7,68T,237,54.9,4,2018
Texans,345,4165,12.1,26,51,8,73T,202,58.6,4,2018
Titans,293,3255,11.1,16,37,6,66T,156,53.2,4,2018
Packers,392,4629,11.8,25,57,16,75T,208,53.1,2,2018
Lions,375,3844,10.3,22,44,6,67,201,53.6,3,2018
Broncos,367,3930,10.7,19,53,11,64T,181,49.3,4,2018
Cowboys,356,3885,10.9,22,39,9,90T,184,51.7,3,2018
Browns,353,4261,12.1,29,60,11,71,189,53.5,6,2018
Bengals,331,3569,10.8,27,53,1,49,182,55,2,2018
Bears,344,3747,10.9,28,46,11,70T,177,51.5,4,2018
Panthers,378,4071,10.8,28,52,5,82,212,56.1,6,2018
Bills,271,3082,11.4,13,43,8,75T,137,50.6,4,2018
Ravens,334,3708,11.1,18,43,6,74,184,55.1,1,2018
Falcons,428,4949,11.6,36,56,9,75T,238,55.6,7,2018
Redskins,298,3205,10.8,18,38,6,75T,154,51.7,4,2019
Buccaneers,382,5127,13.4,33,75,13,71T,244,63.9,3,2019
Seahawks,341,4110,12.1,31,55,10,60T,190,55.7,8,2019
49ers,331,4029,12.2,28,62,8,75T,195,58.9,3,2019
Chargers,394,4648,11.8,24,57,12,84T,220,55.8,4,2019
Steelers,315,3214,10.2,18,37,8,79T,147,46.7,7,2019
Cardinals,355,3797,10.7,20,49,10,88T,176,49.6,4,2019
Eagles,391,4063,10.4,27,52,6,53T,215,55,6,2019
Jets,323,3443,10.7,19,44,6,92T,162,50.2,3,2019
Giants,376,4070,10.8,30,54,11,75T,187,49.7,5,2019
Saints,418,4431,10.6,36,54,9,61T,230,55,2,2019
Patriots,378,4153,11,25,62,6,59,197,52.1,4,2019
Vikings,319,3729,11.7,26,53,11,66,171,53.6,6,2019
Dolphins,371,4117,11.1,22,49,7,51,210,56.6,7,2019
Raiders,367,4110,11.2,22,54,10,75,194,52.9,4,2019
Rams,397,4669,11.8,22,73,6,66,222,55.9,3,2019
Chiefs,378,4690,12.4,30,59,18,83T,211,55.8,5,2019
Jaguars,364,4023,11.1,24,53,6,70T,183,50.3,1,2019
Colts,307,3314,10.8,22,38,3,50,165,53.7,5,2019
Texans,355,4083,11.5,27,51,10,54,203,57.2,2,2019
Titans,297,3956,13.3,29,58,15,91T,177,59.6,4,2019
Packers,356,4017,11.3,26,52,12,74T,190,53.4,6,2019
Lions,344,4187,12.2,28,60,13,75T,196,57,2,2019
Broncos,312,3401,10.9,16,46,10,75T,162,51.9,4,2019
Cowboys,388,4902,12.6,30,68,16,62,229,59,4,2019
Browns,318,3847,12.1,22,58,9,89T,180,56.6,2,2019
Bengals,356,3994,11.2,18,48,7,66T,191,53.7,7,2019
Bears,371,3573,9.6,20,39,2,53,178,48,1,2019
Panthers,382,4134,10.8,17,40,7,52T,230,60.2,2,2019
Bills,299,3476,11.6,21,54,8,53T,162,54.2,0,2019
Ravens,289,3350,11.6,37,44,8,83T,171,59.2,2,2019
Falcons,459,5049,11,29,52,5,93T,258,56.2,3,2019
